stationId,value,timestamp,query_timestamp
S218,0.0,2025-01-01T00:00:00+08:00,2025-01-01T00:00:00
S219,0.0,2025-01-01T00:00:00+08:00,2025-01-01T00:00:00
S216,0.0,2025-01-01T00:00:00+08:00,2025-01-01T00:00:00
S217,0.0,2025-01-01T00:00:00+08:00,2025-01-01T00:00:00
S214,0.0,2025-01-01T00:00:00+08:00,2025-01-01T00:00:00
S215,0.0,2025-01-01T00:00:00+08:00,2025-01-01T00:00:00
S213,0.0,2025-01-01T00:00:00+08:00,2025-01-01T00:00:00
S81,0.0,2025-01-01T00:00:00+08:00,2025-01-01T00:00:00
S40,0.0,2025-01-01T00:00:00+08:00,2025-01-01T00:00:00
S84,0.0,2025-01-01T00:00:00+08:00,2025-01-01T00:00:00
S88,0.0,2025-01-01T00:00:00+08:00,2025-01-01T00:00:00
S43,0.0,2025-01-01T00:00:00+08:00,2025-01-01T00:00:00
S89,0.0,2025-01-01T00:00:00+08:00,2025-01-01T00:00:00
S06,0.0,2025-01-01T00:00:00+08:00,2025-01-01T00:00:00
S221,0.0,2025-01-01T00:00:00+08:00,2025-01-01T00:00:00
S222,0.0,2025-01-01T00:00:00+08:00,2025-01-01T00:00:00
S08,0.0,2025-01-01T00:00:00+08:00,2025-01-01T00:00:00
S07,0.0,2025-01-01T00:00:00+08:00,2025-01-01T00:00:00
S220,0.0,2025-01-01T00:00:00+08:00,2025-01-01T00:00:00
S207,0.0,2025-01-01T00:00:00+08:00,2025-01-01T00:00:00
S208,0.0,2025-01-01T00:00:00+08:00,2025-01-01T00:00:00
S203,0.0,2025-01-01T00:00:00+08:00,2025-01-01T00:00:00
S201,0.0,2025-01-01T00:00:00+08:00,2025-01-01T00:00:00
S90,0.0,2025-01-01T00:00:00+08:00,2025-01-01T00:00:00
S92,0.0,2025-01-01T00:00:00+08:00,2025-01-01T00:00:00
S209,0.0,2025-01-01T00:00:00+08:00,2025-01-01T00:00:00
S50,0.0,2025-01-01T00:00:00+08:00,2025-01-01T00:00:00
S94,0.0,2025-01-01T00:00:00+08:00,2025-01-01T00:00:00
S210,0.0,2025-01-01T00:00:00+08:00,2025-01-01T00:00:00
S211,0.0,2025-01-01T00:00:00+08:00,2025-01-01T00:00:00
S119,0.0,2025-01-01T00:00:00+08:00,2025-01-01T00:00:00
S117,0.0,2025-01-01T00:00:00+08:00,2025-01-01T00:00:00
S115,0.0,2025-01-01T00:00:00+08:00,2025-01-01T00:00:00
S116,0.0,2025-01-01T00:00:00+08:00,2025-01-01T00:00:00
S113,0.0,2025-01-01T00:00:00+08:00,2025-01-01T00:00:00
S60,0.0,2025-01-01T00:00:00+08:00,2025-01-01T00:00:00
S64,0.0,2025-01-01T00:00:00+08:00,2025-01-01T00:00:00
S66,0.0,2025-01-01T00:00:00+08:00,2025-01-01T00:00:00
S24,0.0,2025-01-01T00:00:00+08:00,2025-01-01T00:00:00
S69,0.0,2025-01-01T00:00:00+08:00,2025-01-01T00:00:00
S123,0.0,2025-01-01T00:00:00+08:00,2025-01-01T00:00:00
S29,0.0,2025-01-01T00:00:00+08:00,2025-01-01T00:00:00
S121,0.0,2025-01-01T00:00:00+08:00,2025-01-01T00:00:00
S229,0.0,2025-01-01T00:00:00+08:00,2025-01-01T00:00:00
S900,0.0,2025-01-01T00:00:00+08:00,2025-01-01T00:00:00
S109,0.0,2025-01-01T00:00:00+08:00,2025-01-01T00:00:00
S106,0.0,2025-01-01T00:00:00+08:00,2025-01-01T00:00:00
S227,0.0,2025-01-01T00:00:00+08:00,2025-01-01T00:00:00
S107,0.0,2025-01-01T00:00:00+08:00,2025-01-01T00:00:00
S228,0.0,2025-01-01T00:00:00+08:00,2025-01-01T00:00:00
S104,0.0,2025-01-01T00:00:00+08:00,2025-01-01T00:00:00
S226,0.0,2025-01-01T00:00:00+08:00,2025-01-01T00:00:00
S223,0.0,2025-01-01T00:00:00+08:00,2025-01-01T00:00:00
S224,0.0,2025-01-01T00:00:00+08:00,2025-01-01T00:00:00
S71,0.0,2025-01-01T00:00:00+08:00,2025-01-01T00:00:00
S33,0.0,2025-01-01T00:00:00+08:00,2025-01-01T00:00:00
S77,0.0,2025-01-01T00:00:00+08:00,2025-01-01T00:00:00
S35,0.0,2025-01-01T00:00:00+08:00,2025-01-01T00:00:00
S79,0.0,2025-01-01T00:00:00+08:00,2025-01-01T00:00:00
S78,0.0,2025-01-01T00:00:00+08:00,2025-01-01T00:00:00
S111,0.0,2025-01-01T00:00:00+08:00,2025-01-01T00:00:00
S112,0.0,2025-01-01T00:00:00+08:00,2025-01-01T00:00:00
S230,0.0,2025-01-01T00:00:00+08:00,2025-01-01T00:00:00
S218,0.0,2025-01-01T01:00:00+08:00,2025-01-01T01:00:00
S219,0.0,2025-01-01T01:00:00+08:00,2025-01-01T01:00:00
S216,0.0,2025-01-01T01:00:00+08:00,2025-01-01T01:00:00
S217,0.0,2025-01-01T01:00:00+08:00,2025-01-01T01:00:00
S214,0.0,2025-01-01T01:00:00+08:00,2025-01-01T01:00:00
S215,0.0,2025-01-01T01:00:00+08:00,2025-01-01T01:00:00
S213,0.0,2025-01-01T01:00:00+08:00,2025-01-01T01:00:00
S81,0.0,2025-01-01T01:00:00+08:00,2025-01-01T01:00:00
S40,0.0,2025-01-01T01:00:00+08:00,2025-01-01T01:00:00
S84,0.0,2025-01-01T01:00:00+08:00,2025-01-01T01:00:00
S88,0.0,2025-01-01T01:00:00+08:00,2025-01-01T01:00:00
S43,0.0,2025-01-01T01:00:00+08:00,2025-01-01T01:00:00
S89,0.0,2025-01-01T01:00:00+08:00,2025-01-01T01:00:00
S06,0.0,2025-01-01T01:00:00+08:00,2025-01-01T01:00:00
S221,0.0,2025-01-01T01:00:00+08:00,2025-01-01T01:00:00
S222,0.0,2025-01-01T01:00:00+08:00,2025-01-01T01:00:00
S08,0.0,2025-01-01T01:00:00+08:00,2025-01-01T01:00:00
S07,0.0,2025-01-01T01:00:00+08:00,2025-01-01T01:00:00
S220,0.0,2025-01-01T01:00:00+08:00,2025-01-01T01:00:00
S207,0.0,2025-01-01T01:00:00+08:00,2025-01-01T01:00:00
S208,0.0,2025-01-01T01:00:00+08:00,2025-01-01T01:00:00
S203,0.0,2025-01-01T01:00:00+08:00,2025-01-01T01:00:00
S201,0.0,2025-01-01T01:00:00+08:00,2025-01-01T01:00:00
S90,0.0,2025-01-01T01:00:00+08:00,2025-01-01T01:00:00
S92,0.0,2025-01-01T01:00:00+08:00,2025-01-01T01:00:00
S209,0.0,2025-01-01T01:00:00+08:00,2025-01-01T01:00:00
S50,0.0,2025-01-01T01:00:00+08:00,2025-01-01T01:00:00
S94,0.0,2025-01-01T01:00:00+08:00,2025-01-01T01:00:00
S210,0.0,2025-01-01T01:00:00+08:00,2025-01-01T01:00:00
S211,0.0,2025-01-01T01:00:00+08:00,2025-01-01T01:00:00
S119,0.0,2025-01-01T01:00:00+08:00,2025-01-01T01:00:00
S117,0.0,2025-01-01T01:00:00+08:00,2025-01-01T01:00:00
S115,0.0,2025-01-01T01:00:00+08:00,2025-01-01T01:00:00
S116,0.0,2025-01-01T01:00:00+08:00,2025-01-01T01:00:00
S113,0.0,2025-01-01T01:00:00+08:00,2025-01-01T01:00:00
S60,0.0,2025-01-01T01:00:00+08:00,2025-01-01T01:00:00
S64,0.0,2025-01-01T01:00:00+08:00,2025-01-01T01:00:00
S66,0.0,2025-01-01T01:00:00+08:00,2025-01-01T01:00:00
S24,0.0,2025-01-01T01:00:00+08:00,2025-01-01T01:00:00
S69,0.0,2025-01-01T01:00:00+08:00,2025-01-01T01:00:00
S123,0.0,2025-01-01T01:00:00+08:00,2025-01-01T01:00:00
S29,0.0,2025-01-01T01:00:00+08:00,2025-01-01T01:00:00
S121,0.0,2025-01-01T01:00:00+08:00,2025-01-01T01:00:00
S229,0.0,2025-01-01T01:00:00+08:00,2025-01-01T01:00:00
S900,0.0,2025-01-01T01:00:00+08:00,2025-01-01T01:00:00
S109,0.0,2025-01-01T01:00:00+08:00,2025-01-01T01:00:00
S106,0.0,2025-01-01T01:00:00+08:00,2025-01-01T01:00:00
S227,0.0,2025-01-01T01:00:00+08:00,2025-01-01T01:00:00
S107,0.0,2025-01-01T01:00:00+08:00,2025-01-01T01:00:00
S228,0.0,2025-01-01T01:00:00+08:00,2025-01-01T01:00:00
S104,0.0,2025-01-01T01:00:00+08:00,2025-01-01T01:00:00
S226,0.0,2025-01-01T01:00:00+08:00,2025-01-01T01:00:00
S223,0.0,2025-01-01T01:00:00+08:00,2025-01-01T01:00:00
S224,0.0,2025-01-01T01:00:00+08:00,2025-01-01T01:00:00
S71,0.0,2025-01-01T01:00:00+08:00,2025-01-01T01:00:00
S33,0.0,2025-01-01T01:00:00+08:00,2025-01-01T01:00:00
S77,0.0,2025-01-01T01:00:00+08:00,2025-01-01T01:00:00
S35,0.0,2025-01-01T01:00:00+08:00,2025-01-01T01:00:00
S79,0.0,2025-01-01T01:00:00+08:00,2025-01-01T01:00:00
S78,0.0,2025-01-01T01:00:00+08:00,2025-01-01T01:00:00
S111,0.0,2025-01-01T01:00:00+08:00,2025-01-01T01:00:00
S112,0.0,2025-01-01T01:00:00+08:00,2025-01-01T01:00:00
S230,0.0,2025-01-01T01:00:00+08:00,2025-01-01T01:00:00
S218,0.0,2025-01-01T02:00:00+08:00,2025-01-01T02:00:00
S219,0.0,2025-01-01T02:00:00+08:00,2025-01-01T02:00:00
S216,0.0,2025-01-01T02:00:00+08:00,2025-01-01T02:00:00
S217,0.0,2025-01-01T02:00:00+08:00,2025-01-01T02:00:00
S214,0.0,2025-01-01T02:00:00+08:00,2025-01-01T02:00:00
S215,0.0,2025-01-01T02:00:00+08:00,2025-01-01T02:00:00
S213,0.0,2025-01-01T02:00:00+08:00,2025-01-01T02:00:00
S81,0.0,2025-01-01T02:00:00+08:00,2025-01-01T02:00:00
S40,0.0,2025-01-01T02:00:00+08:00,2025-01-01T02:00:00
S84,0.0,2025-01-01T02:00:00+08:00,2025-01-01T02:00:00
S88,0.0,2025-01-01T02:00:00+08:00,2025-01-01T02:00:00
S43,0.0,2025-01-01T02:00:00+08:00,2025-01-01T02:00:00
S89,0.0,2025-01-01T02:00:00+08:00,2025-01-01T02:00:00
S06,0.0,2025-01-01T02:00:00+08:00,2025-01-01T02:00:00
S221,0.0,2025-01-01T02:00:00+08:00,2025-01-01T02:00:00
S222,0.0,2025-01-01T02:00:00+08:00,2025-01-01T02:00:00
S08,0.0,2025-01-01T02:00:00+08:00,2025-01-01T02:00:00
S07,0.0,2025-01-01T02:00:00+08:00,2025-01-01T02:00:00
S220,0.0,2025-01-01T02:00:00+08:00,2025-01-01T02:00:00
S207,0.0,2025-01-01T02:00:00+08:00,2025-01-01T02:00:00
S208,0.0,2025-01-01T02:00:00+08:00,2025-01-01T02:00:00
S203,0.0,2025-01-01T02:00:00+08:00,2025-01-01T02:00:00
S201,0.0,2025-01-01T02:00:00+08:00,2025-01-01T02:00:00
S90,0.0,2025-01-01T02:00:00+08:00,2025-01-01T02:00:00
S92,0.0,2025-01-01T02:00:00+08:00,2025-01-01T02:00:00
S209,0.0,2025-01-01T02:00:00+08:00,2025-01-01T02:00:00
S50,0.0,2025-01-01T02:00:00+08:00,2025-01-01T02:00:00
S94,0.0,2025-01-01T02:00:00+08:00,2025-01-01T02:00:00
S210,0.0,2025-01-01T02:00:00+08:00,2025-01-01T02:00:00
S211,0.0,2025-01-01T02:00:00+08:00,2025-01-01T02:00:00
S119,0.0,2025-01-01T02:00:00+08:00,2025-01-01T02:00:00
S117,0.0,2025-01-01T02:00:00+08:00,2025-01-01T02:00:00
S115,0.0,2025-01-01T02:00:00+08:00,2025-01-01T02:00:00
S116,0.0,2025-01-01T02:00:00+08:00,2025-01-01T02:00:00
S113,0.0,2025-01-01T02:00:00+08:00,2025-01-01T02:00:00
S60,0.0,2025-01-01T02:00:00+08:00,2025-01-01T02:00:00
S64,0.0,2025-01-01T02:00:00+08:00,2025-01-01T02:00:00
S66,0.0,2025-01-01T02:00:00+08:00,2025-01-01T02:00:00
S24,0.0,2025-01-01T02:00:00+08:00,2025-01-01T02:00:00
S69,0.0,2025-01-01T02:00:00+08:00,2025-01-01T02:00:00
S123,0.0,2025-01-01T02:00:00+08:00,2025-01-01T02:00:00
S29,0.0,2025-01-01T02:00:00+08:00,2025-01-01T02:00:00
S121,0.0,2025-01-01T02:00:00+08:00,2025-01-01T02:00:00
S229,0.0,2025-01-01T02:00:00+08:00,2025-01-01T02:00:00
S900,0.0,2025-01-01T02:00:00+08:00,2025-01-01T02:00:00
S109,0.0,2025-01-01T02:00:00+08:00,2025-01-01T02:00:00
S106,0.0,2025-01-01T02:00:00+08:00,2025-01-01T02:00:00
S227,0.0,2025-01-01T02:00:00+08:00,2025-01-01T02:00:00
S107,0.0,2025-01-01T02:00:00+08:00,2025-01-01T02:00:00
S228,0.0,2025-01-01T02:00:00+08:00,2025-01-01T02:00:00
S104,0.0,2025-01-01T02:00:00+08:00,2025-01-01T02:00:00
S226,0.0,2025-01-01T02:00:00+08:00,2025-01-01T02:00:00
S223,0.0,2025-01-01T02:00:00+08:00,2025-01-01T02:00:00
S224,0.0,2025-01-01T02:00:00+08:00,2025-01-01T02:00:00
S71,0.0,2025-01-01T02:00:00+08:00,2025-01-01T02:00:00
S33,0.0,2025-01-01T02:00:00+08:00,2025-01-01T02:00:00
S77,0.0,2025-01-01T02:00:00+08:00,2025-01-01T02:00:00
S35,0.0,2025-01-01T02:00:00+08:00,2025-01-01T02:00:00
S79,0.0,2025-01-01T02:00:00+08:00,2025-01-01T02:00:00
S78,0.0,2025-01-01T02:00:00+08:00,2025-01-01T02:00:00
S111,0.0,2025-01-01T02:00:00+08:00,2025-01-01T02:00:00
S112,0.0,2025-01-01T02:00:00+08:00,2025-01-01T02:00:00
S230,0.0,2025-01-01T02:00:00+08:00,2025-01-01T02:00:00
S218,0.0,2025-01-01T03:00:00+08:00,2025-01-01T03:00:00
S219,0.0,2025-01-01T03:00:00+08:00,2025-01-01T03:00:00
S216,0.0,2025-01-01T03:00:00+08:00,2025-01-01T03:00:00
S217,0.0,2025-01-01T03:00:00+08:00,2025-01-01T03:00:00
S214,0.0,2025-01-01T03:00:00+08:00,2025-01-01T03:00:00
S215,0.0,2025-01-01T03:00:00+08:00,2025-01-01T03:00:00
S213,0.0,2025-01-01T03:00:00+08:00,2025-01-01T03:00:00
S81,0.0,2025-01-01T03:00:00+08:00,2025-01-01T03:00:00
S40,0.0,2025-01-01T03:00:00+08:00,2025-01-01T03:00:00
S84,0.0,2025-01-01T03:00:00+08:00,2025-01-01T03:00:00
S88,0.0,2025-01-01T03:00:00+08:00,2025-01-01T03:00:00
S43,0.0,2025-01-01T03:00:00+08:00,2025-01-01T03:00:00
S89,0.0,2025-01-01T03:00:00+08:00,2025-01-01T03:00:00
S06,0.0,2025-01-01T03:00:00+08:00,2025-01-01T03:00:00
S221,0.0,2025-01-01T03:00:00+08:00,2025-01-01T03:00:00
S222,0.0,2025-01-01T03:00:00+08:00,2025-01-01T03:00:00
S08,0.0,2025-01-01T03:00:00+08:00,2025-01-01T03:00:00
S07,0.0,2025-01-01T03:00:00+08:00,2025-01-01T03:00:00
S220,0.0,2025-01-01T03:00:00+08:00,2025-01-01T03:00:00
S207,0.0,2025-01-01T03:00:00+08:00,2025-01-01T03:00:00
S208,0.0,2025-01-01T03:00:00+08:00,2025-01-01T03:00:00
S203,0.0,2025-01-01T03:00:00+08:00,2025-01-01T03:00:00
S201,0.0,2025-01-01T03:00:00+08:00,2025-01-01T03:00:00
S90,0.0,2025-01-01T03:00:00+08:00,2025-01-01T03:00:00
S92,0.0,2025-01-01T03:00:00+08:00,2025-01-01T03:00:00
S209,0.0,2025-01-01T03:00:00+08:00,2025-01-01T03:00:00
S50,0.0,2025-01-01T03:00:00+08:00,2025-01-01T03:00:00
S94,0.0,2025-01-01T03:00:00+08:00,2025-01-01T03:00:00
S210,0.0,2025-01-01T03:00:00+08:00,2025-01-01T03:00:00
S211,0.0,2025-01-01T03:00:00+08:00,2025-01-01T03:00:00
S119,0.0,2025-01-01T03:00:00+08:00,2025-01-01T03:00:00
S117,0.0,2025-01-01T03:00:00+08:00,2025-01-01T03:00:00
S115,0.0,2025-01-01T03:00:00+08:00,2025-01-01T03:00:00
S116,0.0,2025-01-01T03:00:00+08:00,2025-01-01T03:00:00
S113,0.0,2025-01-01T03:00:00+08:00,2025-01-01T03:00:00
S60,0.0,2025-01-01T03:00:00+08:00,2025-01-01T03:00:00
S64,0.0,2025-01-01T03:00:00+08:00,2025-01-01T03:00:00
S66,0.0,2025-01-01T03:00:00+08:00,2025-01-01T03:00:00
S24,0.0,2025-01-01T03:00:00+08:00,2025-01-01T03:00:00
S69,0.0,2025-01-01T03:00:00+08:00,2025-01-01T03:00:00
S123,0.0,2025-01-01T03:00:00+08:00,2025-01-01T03:00:00
S29,0.0,2025-01-01T03:00:00+08:00,2025-01-01T03:00:00
S121,0.0,2025-01-01T03:00:00+08:00,2025-01-01T03:00:00
S229,0.0,2025-01-01T03:00:00+08:00,2025-01-01T03:00:00
S900,0.0,2025-01-01T03:00:00+08:00,2025-01-01T03:00:00
S109,0.0,2025-01-01T03:00:00+08:00,2025-01-01T03:00:00
S106,0.0,2025-01-01T03:00:00+08:00,2025-01-01T03:00:00
S227,0.0,2025-01-01T03:00:00+08:00,2025-01-01T03:00:00
S107,0.0,2025-01-01T03:00:00+08:00,2025-01-01T03:00:00
S228,0.0,2025-01-01T03:00:00+08:00,2025-01-01T03:00:00
S104,0.0,2025-01-01T03:00:00+08:00,2025-01-01T03:00:00
S226,0.0,2025-01-01T03:00:00+08:00,2025-01-01T03:00:00
S223,0.0,2025-01-01T03:00:00+08:00,2025-01-01T03:00:00
S224,0.0,2025-01-01T03:00:00+08:00,2025-01-01T03:00:00
S71,0.0,2025-01-01T03:00:00+08:00,2025-01-01T03:00:00
S33,0.0,2025-01-01T03:00:00+08:00,2025-01-01T03:00:00
S77,0.0,2025-01-01T03:00:00+08:00,2025-01-01T03:00:00
S35,0.0,2025-01-01T03:00:00+08:00,2025-01-01T03:00:00
S79,0.0,2025-01-01T03:00:00+08:00,2025-01-01T03:00:00
S78,0.0,2025-01-01T03:00:00+08:00,2025-01-01T03:00:00
S111,0.0,2025-01-01T03:00:00+08:00,2025-01-01T03:00:00
S112,0.0,2025-01-01T03:00:00+08:00,2025-01-01T03:00:00
S230,0.0,2025-01-01T03:00:00+08:00,2025-01-01T03:00:00
S218,0.0,2025-01-01T05:00:00+08:00,2025-01-01T05:00:00
S219,0.0,2025-01-01T05:00:00+08:00,2025-01-01T05:00:00
S216,0.0,2025-01-01T05:00:00+08:00,2025-01-01T05:00:00
S217,0.0,2025-01-01T05:00:00+08:00,2025-01-01T05:00:00
S214,0.0,2025-01-01T05:00:00+08:00,2025-01-01T05:00:00
S215,0.0,2025-01-01T05:00:00+08:00,2025-01-01T05:00:00
S213,0.0,2025-01-01T05:00:00+08:00,2025-01-01T05:00:00
S81,0.0,2025-01-01T05:00:00+08:00,2025-01-01T05:00:00
S40,0.0,2025-01-01T05:00:00+08:00,2025-01-01T05:00:00
S84,0.0,2025-01-01T05:00:00+08:00,2025-01-01T05:00:00
S88,0.0,2025-01-01T05:00:00+08:00,2025-01-01T05:00:00
S43,0.0,2025-01-01T05:00:00+08:00,2025-01-01T05:00:00
S89,0.0,2025-01-01T05:00:00+08:00,2025-01-01T05:00:00
S06,0.0,2025-01-01T05:00:00+08:00,2025-01-01T05:00:00
S221,0.0,2025-01-01T05:00:00+08:00,2025-01-01T05:00:00
S222,0.0,2025-01-01T05:00:00+08:00,2025-01-01T05:00:00
S08,0.0,2025-01-01T05:00:00+08:00,2025-01-01T05:00:00
S07,0.0,2025-01-01T05:00:00+08:00,2025-01-01T05:00:00
S220,0.0,2025-01-01T05:00:00+08:00,2025-01-01T05:00:00
S207,0.0,2025-01-01T05:00:00+08:00,2025-01-01T05:00:00
S208,0.0,2025-01-01T05:00:00+08:00,2025-01-01T05:00:00
S203,0.0,2025-01-01T05:00:00+08:00,2025-01-01T05:00:00
S201,0.0,2025-01-01T05:00:00+08:00,2025-01-01T05:00:00
S90,0.0,2025-01-01T05:00:00+08:00,2025-01-01T05:00:00
S92,0.0,2025-01-01T05:00:00+08:00,2025-01-01T05:00:00
S209,0.0,2025-01-01T05:00:00+08:00,2025-01-01T05:00:00
S50,0.0,2025-01-01T05:00:00+08:00,2025-01-01T05:00:00
S94,0.0,2025-01-01T05:00:00+08:00,2025-01-01T05:00:00
S210,0.0,2025-01-01T05:00:00+08:00,2025-01-01T05:00:00
S211,0.0,2025-01-01T05:00:00+08:00,2025-01-01T05:00:00
S119,0.0,2025-01-01T05:00:00+08:00,2025-01-01T05:00:00
S117,0.0,2025-01-01T05:00:00+08:00,2025-01-01T05:00:00
S115,0.0,2025-01-01T05:00:00+08:00,2025-01-01T05:00:00
S116,0.0,2025-01-01T05:00:00+08:00,2025-01-01T05:00:00
S113,0.0,2025-01-01T05:00:00+08:00,2025-01-01T05:00:00
S60,0.0,2025-01-01T05:00:00+08:00,2025-01-01T05:00:00
S64,0.0,2025-01-01T05:00:00+08:00,2025-01-01T05:00:00
S66,0.0,2025-01-01T05:00:00+08:00,2025-01-01T05:00:00
S24,0.0,2025-01-01T05:00:00+08:00,2025-01-01T05:00:00
S69,0.0,2025-01-01T05:00:00+08:00,2025-01-01T05:00:00
S123,0.0,2025-01-01T05:00:00+08:00,2025-01-01T05:00:00
S29,0.0,2025-01-01T05:00:00+08:00,2025-01-01T05:00:00
S121,0.0,2025-01-01T05:00:00+08:00,2025-01-01T05:00:00
S229,0.0,2025-01-01T05:00:00+08:00,2025-01-01T05:00:00
S900,0.0,2025-01-01T05:00:00+08:00,2025-01-01T05:00:00
S109,0.0,2025-01-01T05:00:00+08:00,2025-01-01T05:00:00
S106,0.0,2025-01-01T05:00:00+08:00,2025-01-01T05:00:00
S227,0.0,2025-01-01T05:00:00+08:00,2025-01-01T05:00:00
S107,0.0,2025-01-01T05:00:00+08:00,2025-01-01T05:00:00
S228,0.0,2025-01-01T05:00:00+08:00,2025-01-01T05:00:00
S104,0.0,2025-01-01T05:00:00+08:00,2025-01-01T05:00:00
S226,0.0,2025-01-01T05:00:00+08:00,2025-01-01T05:00:00
S223,0.0,2025-01-01T05:00:00+08:00,2025-01-01T05:00:00
S224,0.0,2025-01-01T05:00:00+08:00,2025-01-01T05:00:00
S71,0.0,2025-01-01T05:00:00+08:00,2025-01-01T05:00:00
S33,0.0,2025-01-01T05:00:00+08:00,2025-01-01T05:00:00
S77,0.0,2025-01-01T05:00:00+08:00,2025-01-01T05:00:00
S35,0.0,2025-01-01T05:00:00+08:00,2025-01-01T05:00:00
S79,0.0,2025-01-01T05:00:00+08:00,2025-01-01T05:00:00
S78,0.0,2025-01-01T05:00:00+08:00,2025-01-01T05:00:00
S111,0.0,2025-01-01T05:00:00+08:00,2025-01-01T05:00:00
S112,0.0,2025-01-01T05:00:00+08:00,2025-01-01T05:00:00
S230,0.0,2025-01-01T05:00:00+08:00,2025-01-01T05:00:00
S218,0.0,2025-01-01T06:00:00+08:00,2025-01-01T06:00:00
S219,0.0,2025-01-01T06:00:00+08:00,2025-01-01T06:00:00
S216,0.0,2025-01-01T06:00:00+08:00,2025-01-01T06:00:00
S217,0.0,2025-01-01T06:00:00+08:00,2025-01-01T06:00:00
S214,0.0,2025-01-01T06:00:00+08:00,2025-01-01T06:00:00
S215,0.0,2025-01-01T06:00:00+08:00,2025-01-01T06:00:00
S213,0.0,2025-01-01T06:00:00+08:00,2025-01-01T06:00:00
S81,0.0,2025-01-01T06:00:00+08:00,2025-01-01T06:00:00
S40,0.0,2025-01-01T06:00:00+08:00,2025-01-01T06:00:00
S84,0.0,2025-01-01T06:00:00+08:00,2025-01-01T06:00:00
S88,0.0,2025-01-01T06:00:00+08:00,2025-01-01T06:00:00
S43,0.0,2025-01-01T06:00:00+08:00,2025-01-01T06:00:00
S89,0.0,2025-01-01T06:00:00+08:00,2025-01-01T06:00:00
S06,0.0,2025-01-01T06:00:00+08:00,2025-01-01T06:00:00
S221,0.0,2025-01-01T06:00:00+08:00,2025-01-01T06:00:00
S222,0.0,2025-01-01T06:00:00+08:00,2025-01-01T06:00:00
S08,0.0,2025-01-01T06:00:00+08:00,2025-01-01T06:00:00
S07,0.0,2025-01-01T06:00:00+08:00,2025-01-01T06:00:00
S220,0.0,2025-01-01T06:00:00+08:00,2025-01-01T06:00:00
S207,0.0,2025-01-01T06:00:00+08:00,2025-01-01T06:00:00
S208,0.0,2025-01-01T06:00:00+08:00,2025-01-01T06:00:00
S203,0.0,2025-01-01T06:00:00+08:00,2025-01-01T06:00:00
S201,0.0,2025-01-01T06:00:00+08:00,2025-01-01T06:00:00
S90,0.0,2025-01-01T06:00:00+08:00,2025-01-01T06:00:00
S92,0.0,2025-01-01T06:00:00+08:00,2025-01-01T06:00:00
S209,0.0,2025-01-01T06:00:00+08:00,2025-01-01T06:00:00
S50,0.0,2025-01-01T06:00:00+08:00,2025-01-01T06:00:00
S94,0.0,2025-01-01T06:00:00+08:00,2025-01-01T06:00:00
S210,0.0,2025-01-01T06:00:00+08:00,2025-01-01T06:00:00
S211,0.0,2025-01-01T06:00:00+08:00,2025-01-01T06:00:00
S119,0.0,2025-01-01T06:00:00+08:00,2025-01-01T06:00:00
S117,0.0,2025-01-01T06:00:00+08:00,2025-01-01T06:00:00
S115,0.0,2025-01-01T06:00:00+08:00,2025-01-01T06:00:00
S116,0.0,2025-01-01T06:00:00+08:00,2025-01-01T06:00:00
S113,0.0,2025-01-01T06:00:00+08:00,2025-01-01T06:00:00
S60,0.0,2025-01-01T06:00:00+08:00,2025-01-01T06:00:00
S64,0.0,2025-01-01T06:00:00+08:00,2025-01-01T06:00:00
S66,0.0,2025-01-01T06:00:00+08:00,2025-01-01T06:00:00
S24,0.0,2025-01-01T06:00:00+08:00,2025-01-01T06:00:00
S69,0.0,2025-01-01T06:00:00+08:00,2025-01-01T06:00:00
S123,0.0,2025-01-01T06:00:00+08:00,2025-01-01T06:00:00
S29,0.0,2025-01-01T06:00:00+08:00,2025-01-01T06:00:00
S121,0.0,2025-01-01T06:00:00+08:00,2025-01-01T06:00:00
S229,0.0,2025-01-01T06:00:00+08:00,2025-01-01T06:00:00
S900,0.0,2025-01-01T06:00:00+08:00,2025-01-01T06:00:00
S109,0.0,2025-01-01T06:00:00+08:00,2025-01-01T06:00:00
S106,0.0,2025-01-01T06:00:00+08:00,2025-01-01T06:00:00
S227,0.0,2025-01-01T06:00:00+08:00,2025-01-01T06:00:00
S107,0.0,2025-01-01T06:00:00+08:00,2025-01-01T06:00:00
S228,0.0,2025-01-01T06:00:00+08:00,2025-01-01T06:00:00
S104,0.0,2025-01-01T06:00:00+08:00,2025-01-01T06:00:00
S226,0.0,2025-01-01T06:00:00+08:00,2025-01-01T06:00:00
S223,0.0,2025-01-01T06:00:00+08:00,2025-01-01T06:00:00
S224,0.0,2025-01-01T06:00:00+08:00,2025-01-01T06:00:00
S71,0.0,2025-01-01T06:00:00+08:00,2025-01-01T06:00:00
S33,0.0,2025-01-01T06:00:00+08:00,2025-01-01T06:00:00
S77,0.0,2025-01-01T06:00:00+08:00,2025-01-01T06:00:00
S35,0.0,2025-01-01T06:00:00+08:00,2025-01-01T06:00:00
S79,0.0,2025-01-01T06:00:00+08:00,2025-01-01T06:00:00
S78,0.0,2025-01-01T06:00:00+08:00,2025-01-01T06:00:00
S111,0.0,2025-01-01T06:00:00+08:00,2025-01-01T06:00:00
S112,0.0,2025-01-01T06:00:00+08:00,2025-01-01T06:00:00
S230,0.0,2025-01-01T06:00:00+08:00,2025-01-01T06:00:00
S218,0.0,2025-01-01T07:00:00+08:00,2025-01-01T07:00:00
S219,0.0,2025-01-01T07:00:00+08:00,2025-01-01T07:00:00
S216,0.0,2025-01-01T07:00:00+08:00,2025-01-01T07:00:00
S217,0.0,2025-01-01T07:00:00+08:00,2025-01-01T07:00:00
S214,0.0,2025-01-01T07:00:00+08:00,2025-01-01T07:00:00
S215,0.0,2025-01-01T07:00:00+08:00,2025-01-01T07:00:00
S213,0.0,2025-01-01T07:00:00+08:00,2025-01-01T07:00:00
S81,0.0,2025-01-01T07:00:00+08:00,2025-01-01T07:00:00
S40,0.0,2025-01-01T07:00:00+08:00,2025-01-01T07:00:00
S84,0.0,2025-01-01T07:00:00+08:00,2025-01-01T07:00:00
S88,0.0,2025-01-01T07:00:00+08:00,2025-01-01T07:00:00
S43,0.0,2025-01-01T07:00:00+08:00,2025-01-01T07:00:00
S89,0.0,2025-01-01T07:00:00+08:00,2025-01-01T07:00:00
S06,0.0,2025-01-01T07:00:00+08:00,2025-01-01T07:00:00
S221,0.0,2025-01-01T07:00:00+08:00,2025-01-01T07:00:00
S222,0.0,2025-01-01T07:00:00+08:00,2025-01-01T07:00:00
S08,0.0,2025-01-01T07:00:00+08:00,2025-01-01T07:00:00
S07,0.0,2025-01-01T07:00:00+08:00,2025-01-01T07:00:00
S220,0.0,2025-01-01T07:00:00+08:00,2025-01-01T07:00:00
S207,0.0,2025-01-01T07:00:00+08:00,2025-01-01T07:00:00
S208,0.0,2025-01-01T07:00:00+08:00,2025-01-01T07:00:00
S203,0.0,2025-01-01T07:00:00+08:00,2025-01-01T07:00:00
S201,0.0,2025-01-01T07:00:00+08:00,2025-01-01T07:00:00
S90,0.0,2025-01-01T07:00:00+08:00,2025-01-01T07:00:00
S92,0.0,2025-01-01T07:00:00+08:00,2025-01-01T07:00:00
S209,0.0,2025-01-01T07:00:00+08:00,2025-01-01T07:00:00
S50,0.0,2025-01-01T07:00:00+08:00,2025-01-01T07:00:00
S94,0.0,2025-01-01T07:00:00+08:00,2025-01-01T07:00:00
S210,0.0,2025-01-01T07:00:00+08:00,2025-01-01T07:00:00
S211,0.0,2025-01-01T07:00:00+08:00,2025-01-01T07:00:00
S119,0.0,2025-01-01T07:00:00+08:00,2025-01-01T07:00:00
S117,0.0,2025-01-01T07:00:00+08:00,2025-01-01T07:00:00
S115,0.0,2025-01-01T07:00:00+08:00,2025-01-01T07:00:00
S116,0.0,2025-01-01T07:00:00+08:00,2025-01-01T07:00:00
S113,0.0,2025-01-01T07:00:00+08:00,2025-01-01T07:00:00
S60,0.0,2025-01-01T07:00:00+08:00,2025-01-01T07:00:00
S64,0.0,2025-01-01T07:00:00+08:00,2025-01-01T07:00:00
S66,0.0,2025-01-01T07:00:00+08:00,2025-01-01T07:00:00
S24,0.0,2025-01-01T07:00:00+08:00,2025-01-01T07:00:00
S69,0.0,2025-01-01T07:00:00+08:00,2025-01-01T07:00:00
S123,0.0,2025-01-01T07:00:00+08:00,2025-01-01T07:00:00
S29,0.0,2025-01-01T07:00:00+08:00,2025-01-01T07:00:00
S121,0.0,2025-01-01T07:00:00+08:00,2025-01-01T07:00:00
S229,0.0,2025-01-01T07:00:00+08:00,2025-01-01T07:00:00
S900,0.0,2025-01-01T07:00:00+08:00,2025-01-01T07:00:00
S109,0.0,2025-01-01T07:00:00+08:00,2025-01-01T07:00:00
S106,0.0,2025-01-01T07:00:00+08:00,2025-01-01T07:00:00
S227,0.0,2025-01-01T07:00:00+08:00,2025-01-01T07:00:00
S107,0.0,2025-01-01T07:00:00+08:00,2025-01-01T07:00:00
S228,0.0,2025-01-01T07:00:00+08:00,2025-01-01T07:00:00
S104,0.0,2025-01-01T07:00:00+08:00,2025-01-01T07:00:00
S226,0.0,2025-01-01T07:00:00+08:00,2025-01-01T07:00:00
S223,0.0,2025-01-01T07:00:00+08:00,2025-01-01T07:00:00
S224,0.0,2025-01-01T07:00:00+08:00,2025-01-01T07:00:00
S71,0.0,2025-01-01T07:00:00+08:00,2025-01-01T07:00:00
S33,0.0,2025-01-01T07:00:00+08:00,2025-01-01T07:00:00
S77,0.0,2025-01-01T07:00:00+08:00,2025-01-01T07:00:00
S35,0.0,2025-01-01T07:00:00+08:00,2025-01-01T07:00:00
S79,0.0,2025-01-01T07:00:00+08:00,2025-01-01T07:00:00
S78,0.0,2025-01-01T07:00:00+08:00,2025-01-01T07:00:00
S111,0.0,2025-01-01T07:00:00+08:00,2025-01-01T07:00:00
S112,0.0,2025-01-01T07:00:00+08:00,2025-01-01T07:00:00
S230,0.0,2025-01-01T07:00:00+08:00,2025-01-01T07:00:00
S218,0.0,2025-01-01T07:55:00+08:00,2025-01-01T08:00:00
S219,0.0,2025-01-01T07:55:00+08:00,2025-01-01T08:00:00
S216,0.0,2025-01-01T07:55:00+08:00,2025-01-01T08:00:00
S217,0.0,2025-01-01T07:55:00+08:00,2025-01-01T08:00:00
S214,0.0,2025-01-01T07:55:00+08:00,2025-01-01T08:00:00
S215,0.0,2025-01-01T07:55:00+08:00,2025-01-01T08:00:00
S213,0.0,2025-01-01T07:55:00+08:00,2025-01-01T08:00:00
S81,0.0,2025-01-01T07:55:00+08:00,2025-01-01T08:00:00
S40,0.0,2025-01-01T07:55:00+08:00,2025-01-01T08:00:00
S84,0.0,2025-01-01T07:55:00+08:00,2025-01-01T08:00:00
S88,0.0,2025-01-01T07:55:00+08:00,2025-01-01T08:00:00
S43,0.0,2025-01-01T07:55:00+08:00,2025-01-01T08:00:00
S89,0.0,2025-01-01T07:55:00+08:00,2025-01-01T08:00:00
S06,0.0,2025-01-01T07:55:00+08:00,2025-01-01T08:00:00
S221,0.0,2025-01-01T07:55:00+08:00,2025-01-01T08:00:00
S222,0.0,2025-01-01T07:55:00+08:00,2025-01-01T08:00:00
S08,0.0,2025-01-01T07:55:00+08:00,2025-01-01T08:00:00
S07,0.0,2025-01-01T07:55:00+08:00,2025-01-01T08:00:00
S220,0.0,2025-01-01T07:55:00+08:00,2025-01-01T08:00:00
S207,0.0,2025-01-01T07:55:00+08:00,2025-01-01T08:00:00
S208,0.0,2025-01-01T07:55:00+08:00,2025-01-01T08:00:00
S203,0.0,2025-01-01T07:55:00+08:00,2025-01-01T08:00:00
S201,0.0,2025-01-01T07:55:00+08:00,2025-01-01T08:00:00
S90,0.0,2025-01-01T07:55:00+08:00,2025-01-01T08:00:00
S92,0.0,2025-01-01T07:55:00+08:00,2025-01-01T08:00:00
S209,0.0,2025-01-01T07:55:00+08:00,2025-01-01T08:00:00
S50,0.0,2025-01-01T07:55:00+08:00,2025-01-01T08:00:00
S94,0.0,2025-01-01T07:55:00+08:00,2025-01-01T08:00:00
S210,0.0,2025-01-01T07:55:00+08:00,2025-01-01T08:00:00
S211,0.0,2025-01-01T07:55:00+08:00,2025-01-01T08:00:00
S119,0.0,2025-01-01T07:55:00+08:00,2025-01-01T08:00:00
S117,0.0,2025-01-01T07:55:00+08:00,2025-01-01T08:00:00
S115,0.0,2025-01-01T07:55:00+08:00,2025-01-01T08:00:00
S116,0.0,2025-01-01T07:55:00+08:00,2025-01-01T08:00:00
S113,0.0,2025-01-01T07:55:00+08:00,2025-01-01T08:00:00
S60,0.0,2025-01-01T07:55:00+08:00,2025-01-01T08:00:00
S64,0.0,2025-01-01T07:55:00+08:00,2025-01-01T08:00:00
S66,0.0,2025-01-01T07:55:00+08:00,2025-01-01T08:00:00
S24,0.0,2025-01-01T07:55:00+08:00,2025-01-01T08:00:00
S69,0.0,2025-01-01T07:55:00+08:00,2025-01-01T08:00:00
S123,0.0,2025-01-01T07:55:00+08:00,2025-01-01T08:00:00
S29,0.0,2025-01-01T07:55:00+08:00,2025-01-01T08:00:00
S121,0.0,2025-01-01T07:55:00+08:00,2025-01-01T08:00:00
S229,0.0,2025-01-01T07:55:00+08:00,2025-01-01T08:00:00
S900,0.0,2025-01-01T07:55:00+08:00,2025-01-01T08:00:00
S109,0.0,2025-01-01T07:55:00+08:00,2025-01-01T08:00:00
S106,0.0,2025-01-01T07:55:00+08:00,2025-01-01T08:00:00
S227,0.0,2025-01-01T07:55:00+08:00,2025-01-01T08:00:00
S107,0.0,2025-01-01T07:55:00+08:00,2025-01-01T08:00:00
S228,0.0,2025-01-01T07:55:00+08:00,2025-01-01T08:00:00
S104,0.0,2025-01-01T07:55:00+08:00,2025-01-01T08:00:00
S226,0.0,2025-01-01T07:55:00+08:00,2025-01-01T08:00:00
S223,0.0,2025-01-01T07:55:00+08:00,2025-01-01T08:00:00
S224,0.0,2025-01-01T07:55:00+08:00,2025-01-01T08:00:00
S71,0.0,2025-01-01T07:55:00+08:00,2025-01-01T08:00:00
S33,0.0,2025-01-01T07:55:00+08:00,2025-01-01T08:00:00
S77,0.0,2025-01-01T07:55:00+08:00,2025-01-01T08:00:00
S35,0.0,2025-01-01T07:55:00+08:00,2025-01-01T08:00:00
S79,0.0,2025-01-01T07:55:00+08:00,2025-01-01T08:00:00
S78,0.0,2025-01-01T07:55:00+08:00,2025-01-01T08:00:00
S111,0.0,2025-01-01T07:55:00+08:00,2025-01-01T08:00:00
S112,0.0,2025-01-01T07:55:00+08:00,2025-01-01T08:00:00
S230,0.0,2025-01-01T07:55:00+08:00,2025-01-01T08:00:00
S218,0.0,2025-01-01T09:00:00+08:00,2025-01-01T09:00:00
S219,0.0,2025-01-01T09:00:00+08:00,2025-01-01T09:00:00
S216,0.0,2025-01-01T09:00:00+08:00,2025-01-01T09:00:00
S217,0.0,2025-01-01T09:00:00+08:00,2025-01-01T09:00:00
S214,0.0,2025-01-01T09:00:00+08:00,2025-01-01T09:00:00
S215,0.0,2025-01-01T09:00:00+08:00,2025-01-01T09:00:00
S213,0.0,2025-01-01T09:00:00+08:00,2025-01-01T09:00:00
S81,0.0,2025-01-01T09:00:00+08:00,2025-01-01T09:00:00
S40,0.0,2025-01-01T09:00:00+08:00,2025-01-01T09:00:00
S84,0.0,2025-01-01T09:00:00+08:00,2025-01-01T09:00:00
S88,0.0,2025-01-01T09:00:00+08:00,2025-01-01T09:00:00
S43,0.0,2025-01-01T09:00:00+08:00,2025-01-01T09:00:00
S89,0.0,2025-01-01T09:00:00+08:00,2025-01-01T09:00:00
S06,0.0,2025-01-01T09:00:00+08:00,2025-01-01T09:00:00
S221,0.0,2025-01-01T09:00:00+08:00,2025-01-01T09:00:00
S222,0.0,2025-01-01T09:00:00+08:00,2025-01-01T09:00:00
S08,0.0,2025-01-01T09:00:00+08:00,2025-01-01T09:00:00
S07,0.0,2025-01-01T09:00:00+08:00,2025-01-01T09:00:00
S220,0.0,2025-01-01T09:00:00+08:00,2025-01-01T09:00:00
S207,0.0,2025-01-01T09:00:00+08:00,2025-01-01T09:00:00
S208,0.0,2025-01-01T09:00:00+08:00,2025-01-01T09:00:00
S203,0.0,2025-01-01T09:00:00+08:00,2025-01-01T09:00:00
S201,0.0,2025-01-01T09:00:00+08:00,2025-01-01T09:00:00
S90,0.0,2025-01-01T09:00:00+08:00,2025-01-01T09:00:00
S92,0.0,2025-01-01T09:00:00+08:00,2025-01-01T09:00:00
S209,0.0,2025-01-01T09:00:00+08:00,2025-01-01T09:00:00
S50,0.0,2025-01-01T09:00:00+08:00,2025-01-01T09:00:00
S94,0.0,2025-01-01T09:00:00+08:00,2025-01-01T09:00:00
S210,0.0,2025-01-01T09:00:00+08:00,2025-01-01T09:00:00
S211,0.0,2025-01-01T09:00:00+08:00,2025-01-01T09:00:00
S119,0.0,2025-01-01T09:00:00+08:00,2025-01-01T09:00:00
S117,0.0,2025-01-01T09:00:00+08:00,2025-01-01T09:00:00
S115,0.0,2025-01-01T09:00:00+08:00,2025-01-01T09:00:00
S116,0.0,2025-01-01T09:00:00+08:00,2025-01-01T09:00:00
S113,0.0,2025-01-01T09:00:00+08:00,2025-01-01T09:00:00
S60,0.0,2025-01-01T09:00:00+08:00,2025-01-01T09:00:00
S64,0.0,2025-01-01T09:00:00+08:00,2025-01-01T09:00:00
S66,0.0,2025-01-01T09:00:00+08:00,2025-01-01T09:00:00
S24,0.0,2025-01-01T09:00:00+08:00,2025-01-01T09:00:00
S69,0.0,2025-01-01T09:00:00+08:00,2025-01-01T09:00:00
S123,0.0,2025-01-01T09:00:00+08:00,2025-01-01T09:00:00
S29,0.0,2025-01-01T09:00:00+08:00,2025-01-01T09:00:00
S121,0.0,2025-01-01T09:00:00+08:00,2025-01-01T09:00:00
S229,0.0,2025-01-01T09:00:00+08:00,2025-01-01T09:00:00
S900,0.0,2025-01-01T09:00:00+08:00,2025-01-01T09:00:00
S109,0.0,2025-01-01T09:00:00+08:00,2025-01-01T09:00:00
S106,0.0,2025-01-01T09:00:00+08:00,2025-01-01T09:00:00
S227,0.0,2025-01-01T09:00:00+08:00,2025-01-01T09:00:00
S107,0.0,2025-01-01T09:00:00+08:00,2025-01-01T09:00:00
S228,0.0,2025-01-01T09:00:00+08:00,2025-01-01T09:00:00
S104,0.0,2025-01-01T09:00:00+08:00,2025-01-01T09:00:00
S226,0.0,2025-01-01T09:00:00+08:00,2025-01-01T09:00:00
S223,0.0,2025-01-01T09:00:00+08:00,2025-01-01T09:00:00
S224,0.0,2025-01-01T09:00:00+08:00,2025-01-01T09:00:00
S71,0.0,2025-01-01T09:00:00+08:00,2025-01-01T09:00:00
S33,0.0,2025-01-01T09:00:00+08:00,2025-01-01T09:00:00
S77,0.0,2025-01-01T09:00:00+08:00,2025-01-01T09:00:00
S35,0.0,2025-01-01T09:00:00+08:00,2025-01-01T09:00:00
S79,0.0,2025-01-01T09:00:00+08:00,2025-01-01T09:00:00
S78,0.0,2025-01-01T09:00:00+08:00,2025-01-01T09:00:00
S111,0.0,2025-01-01T09:00:00+08:00,2025-01-01T09:00:00
S112,0.0,2025-01-01T09:00:00+08:00,2025-01-01T09:00:00
S230,0.0,2025-01-01T09:00:00+08:00,2025-01-01T09:00:00
S218,0.0,2025-01-01T10:00:00+08:00,2025-01-01T10:00:00
S219,0.0,2025-01-01T10:00:00+08:00,2025-01-01T10:00:00
S216,0.0,2025-01-01T10:00:00+08:00,2025-01-01T10:00:00
S217,0.0,2025-01-01T10:00:00+08:00,2025-01-01T10:00:00
S214,0.0,2025-01-01T10:00:00+08:00,2025-01-01T10:00:00
S215,0.0,2025-01-01T10:00:00+08:00,2025-01-01T10:00:00
S213,0.0,2025-01-01T10:00:00+08:00,2025-01-01T10:00:00
S81,0.0,2025-01-01T10:00:00+08:00,2025-01-01T10:00:00
S40,0.0,2025-01-01T10:00:00+08:00,2025-01-01T10:00:00
S84,0.0,2025-01-01T10:00:00+08:00,2025-01-01T10:00:00
S88,0.0,2025-01-01T10:00:00+08:00,2025-01-01T10:00:00
S43,0.0,2025-01-01T10:00:00+08:00,2025-01-01T10:00:00
S89,0.0,2025-01-01T10:00:00+08:00,2025-01-01T10:00:00
S06,0.0,2025-01-01T10:00:00+08:00,2025-01-01T10:00:00
S221,0.0,2025-01-01T10:00:00+08:00,2025-01-01T10:00:00
S222,0.0,2025-01-01T10:00:00+08:00,2025-01-01T10:00:00
S08,0.0,2025-01-01T10:00:00+08:00,2025-01-01T10:00:00
S07,0.0,2025-01-01T10:00:00+08:00,2025-01-01T10:00:00
S220,0.0,2025-01-01T10:00:00+08:00,2025-01-01T10:00:00
S207,0.0,2025-01-01T10:00:00+08:00,2025-01-01T10:00:00
S208,0.0,2025-01-01T10:00:00+08:00,2025-01-01T10:00:00
S203,0.0,2025-01-01T10:00:00+08:00,2025-01-01T10:00:00
S201,0.0,2025-01-01T10:00:00+08:00,2025-01-01T10:00:00
S90,0.0,2025-01-01T10:00:00+08:00,2025-01-01T10:00:00
S92,0.0,2025-01-01T10:00:00+08:00,2025-01-01T10:00:00
S209,0.0,2025-01-01T10:00:00+08:00,2025-01-01T10:00:00
S50,0.0,2025-01-01T10:00:00+08:00,2025-01-01T10:00:00
S94,0.0,2025-01-01T10:00:00+08:00,2025-01-01T10:00:00
S210,0.0,2025-01-01T10:00:00+08:00,2025-01-01T10:00:00
S211,0.0,2025-01-01T10:00:00+08:00,2025-01-01T10:00:00
S119,0.0,2025-01-01T10:00:00+08:00,2025-01-01T10:00:00
S117,0.0,2025-01-01T10:00:00+08:00,2025-01-01T10:00:00
S115,0.0,2025-01-01T10:00:00+08:00,2025-01-01T10:00:00
S116,0.0,2025-01-01T10:00:00+08:00,2025-01-01T10:00:00
S113,0.0,2025-01-01T10:00:00+08:00,2025-01-01T10:00:00
S60,0.0,2025-01-01T10:00:00+08:00,2025-01-01T10:00:00
S64,0.0,2025-01-01T10:00:00+08:00,2025-01-01T10:00:00
S66,0.0,2025-01-01T10:00:00+08:00,2025-01-01T10:00:00
S24,0.0,2025-01-01T10:00:00+08:00,2025-01-01T10:00:00
S69,0.0,2025-01-01T10:00:00+08:00,2025-01-01T10:00:00
S123,0.0,2025-01-01T10:00:00+08:00,2025-01-01T10:00:00
S29,0.0,2025-01-01T10:00:00+08:00,2025-01-01T10:00:00
S121,0.0,2025-01-01T10:00:00+08:00,2025-01-01T10:00:00
S229,0.0,2025-01-01T10:00:00+08:00,2025-01-01T10:00:00
S900,0.0,2025-01-01T10:00:00+08:00,2025-01-01T10:00:00
S109,0.0,2025-01-01T10:00:00+08:00,2025-01-01T10:00:00
S106,0.0,2025-01-01T10:00:00+08:00,2025-01-01T10:00:00
S227,0.0,2025-01-01T10:00:00+08:00,2025-01-01T10:00:00
S107,0.0,2025-01-01T10:00:00+08:00,2025-01-01T10:00:00
S228,0.0,2025-01-01T10:00:00+08:00,2025-01-01T10:00:00
S104,0.0,2025-01-01T10:00:00+08:00,2025-01-01T10:00:00
S226,0.0,2025-01-01T10:00:00+08:00,2025-01-01T10:00:00
S223,0.0,2025-01-01T10:00:00+08:00,2025-01-01T10:00:00
S224,0.0,2025-01-01T10:00:00+08:00,2025-01-01T10:00:00
S71,0.0,2025-01-01T10:00:00+08:00,2025-01-01T10:00:00
S33,0.0,2025-01-01T10:00:00+08:00,2025-01-01T10:00:00
S77,0.0,2025-01-01T10:00:00+08:00,2025-01-01T10:00:00
S35,0.0,2025-01-01T10:00:00+08:00,2025-01-01T10:00:00
S79,0.0,2025-01-01T10:00:00+08:00,2025-01-01T10:00:00
S78,0.0,2025-01-01T10:00:00+08:00,2025-01-01T10:00:00
S111,0.0,2025-01-01T10:00:00+08:00,2025-01-01T10:00:00
S112,0.0,2025-01-01T10:00:00+08:00,2025-01-01T10:00:00
S230,0.0,2025-01-01T10:00:00+08:00,2025-01-01T10:00:00
S218,0.0,2025-01-01T11:00:00+08:00,2025-01-01T11:00:00
S219,0.0,2025-01-01T11:00:00+08:00,2025-01-01T11:00:00
S216,0.0,2025-01-01T11:00:00+08:00,2025-01-01T11:00:00
S217,0.0,2025-01-01T11:00:00+08:00,2025-01-01T11:00:00
S214,0.0,2025-01-01T11:00:00+08:00,2025-01-01T11:00:00
S215,0.0,2025-01-01T11:00:00+08:00,2025-01-01T11:00:00
S213,0.0,2025-01-01T11:00:00+08:00,2025-01-01T11:00:00
S81,0.0,2025-01-01T11:00:00+08:00,2025-01-01T11:00:00
S40,0.0,2025-01-01T11:00:00+08:00,2025-01-01T11:00:00
S84,0.0,2025-01-01T11:00:00+08:00,2025-01-01T11:00:00
S88,0.0,2025-01-01T11:00:00+08:00,2025-01-01T11:00:00
S43,0.0,2025-01-01T11:00:00+08:00,2025-01-01T11:00:00
S89,0.0,2025-01-01T11:00:00+08:00,2025-01-01T11:00:00
S06,0.0,2025-01-01T11:00:00+08:00,2025-01-01T11:00:00
S221,0.0,2025-01-01T11:00:00+08:00,2025-01-01T11:00:00
S222,0.0,2025-01-01T11:00:00+08:00,2025-01-01T11:00:00
S08,0.0,2025-01-01T11:00:00+08:00,2025-01-01T11:00:00
S07,0.0,2025-01-01T11:00:00+08:00,2025-01-01T11:00:00
S220,0.0,2025-01-01T11:00:00+08:00,2025-01-01T11:00:00
S207,0.0,2025-01-01T11:00:00+08:00,2025-01-01T11:00:00
S208,0.0,2025-01-01T11:00:00+08:00,2025-01-01T11:00:00
S203,0.0,2025-01-01T11:00:00+08:00,2025-01-01T11:00:00
S201,0.0,2025-01-01T11:00:00+08:00,2025-01-01T11:00:00
S90,0.0,2025-01-01T11:00:00+08:00,2025-01-01T11:00:00
S92,0.0,2025-01-01T11:00:00+08:00,2025-01-01T11:00:00
S209,0.0,2025-01-01T11:00:00+08:00,2025-01-01T11:00:00
S50,0.0,2025-01-01T11:00:00+08:00,2025-01-01T11:00:00
S94,0.0,2025-01-01T11:00:00+08:00,2025-01-01T11:00:00
S210,0.0,2025-01-01T11:00:00+08:00,2025-01-01T11:00:00
S211,0.0,2025-01-01T11:00:00+08:00,2025-01-01T11:00:00
S119,0.0,2025-01-01T11:00:00+08:00,2025-01-01T11:00:00
S117,0.0,2025-01-01T11:00:00+08:00,2025-01-01T11:00:00
S115,0.0,2025-01-01T11:00:00+08:00,2025-01-01T11:00:00
S116,0.0,2025-01-01T11:00:00+08:00,2025-01-01T11:00:00
S113,0.0,2025-01-01T11:00:00+08:00,2025-01-01T11:00:00
S60,0.0,2025-01-01T11:00:00+08:00,2025-01-01T11:00:00
S64,0.0,2025-01-01T11:00:00+08:00,2025-01-01T11:00:00
S66,0.0,2025-01-01T11:00:00+08:00,2025-01-01T11:00:00
S24,0.0,2025-01-01T11:00:00+08:00,2025-01-01T11:00:00
S69,0.0,2025-01-01T11:00:00+08:00,2025-01-01T11:00:00
S123,0.0,2025-01-01T11:00:00+08:00,2025-01-01T11:00:00
S29,0.0,2025-01-01T11:00:00+08:00,2025-01-01T11:00:00
S121,0.0,2025-01-01T11:00:00+08:00,2025-01-01T11:00:00
S229,0.0,2025-01-01T11:00:00+08:00,2025-01-01T11:00:00
S900,0.0,2025-01-01T11:00:00+08:00,2025-01-01T11:00:00
S109,0.0,2025-01-01T11:00:00+08:00,2025-01-01T11:00:00
S106,0.0,2025-01-01T11:00:00+08:00,2025-01-01T11:00:00
S227,0.0,2025-01-01T11:00:00+08:00,2025-01-01T11:00:00
S107,0.0,2025-01-01T11:00:00+08:00,2025-01-01T11:00:00
S228,0.0,2025-01-01T11:00:00+08:00,2025-01-01T11:00:00
S104,0.0,2025-01-01T11:00:00+08:00,2025-01-01T11:00:00
S226,0.0,2025-01-01T11:00:00+08:00,2025-01-01T11:00:00
S223,0.0,2025-01-01T11:00:00+08:00,2025-01-01T11:00:00
S224,0.0,2025-01-01T11:00:00+08:00,2025-01-01T11:00:00
S71,0.0,2025-01-01T11:00:00+08:00,2025-01-01T11:00:00
S33,0.0,2025-01-01T11:00:00+08:00,2025-01-01T11:00:00
S77,0.0,2025-01-01T11:00:00+08:00,2025-01-01T11:00:00
S35,0.0,2025-01-01T11:00:00+08:00,2025-01-01T11:00:00
S79,0.0,2025-01-01T11:00:00+08:00,2025-01-01T11:00:00
S78,0.0,2025-01-01T11:00:00+08:00,2025-01-01T11:00:00
S111,0.0,2025-01-01T11:00:00+08:00,2025-01-01T11:00:00
S112,0.0,2025-01-01T11:00:00+08:00,2025-01-01T11:00:00
S230,0.0,2025-01-01T11:00:00+08:00,2025-01-01T11:00:00
S218,0.0,2025-01-01T12:00:00+08:00,2025-01-01T12:00:00
S219,0.0,2025-01-01T12:00:00+08:00,2025-01-01T12:00:00
S216,0.0,2025-01-01T12:00:00+08:00,2025-01-01T12:00:00
S217,0.0,2025-01-01T12:00:00+08:00,2025-01-01T12:00:00
S214,0.0,2025-01-01T12:00:00+08:00,2025-01-01T12:00:00
S215,0.0,2025-01-01T12:00:00+08:00,2025-01-01T12:00:00
S213,0.0,2025-01-01T12:00:00+08:00,2025-01-01T12:00:00
S81,0.0,2025-01-01T12:00:00+08:00,2025-01-01T12:00:00
S40,0.0,2025-01-01T12:00:00+08:00,2025-01-01T12:00:00
S84,0.0,2025-01-01T12:00:00+08:00,2025-01-01T12:00:00
S88,0.0,2025-01-01T12:00:00+08:00,2025-01-01T12:00:00
S43,0.0,2025-01-01T12:00:00+08:00,2025-01-01T12:00:00
S89,0.0,2025-01-01T12:00:00+08:00,2025-01-01T12:00:00
S06,0.0,2025-01-01T12:00:00+08:00,2025-01-01T12:00:00
S221,0.0,2025-01-01T12:00:00+08:00,2025-01-01T12:00:00
S222,0.0,2025-01-01T12:00:00+08:00,2025-01-01T12:00:00
S08,0.0,2025-01-01T12:00:00+08:00,2025-01-01T12:00:00
S07,0.0,2025-01-01T12:00:00+08:00,2025-01-01T12:00:00
S220,0.0,2025-01-01T12:00:00+08:00,2025-01-01T12:00:00
S207,0.0,2025-01-01T12:00:00+08:00,2025-01-01T12:00:00
S208,0.0,2025-01-01T12:00:00+08:00,2025-01-01T12:00:00
S203,0.0,2025-01-01T12:00:00+08:00,2025-01-01T12:00:00
S201,0.0,2025-01-01T12:00:00+08:00,2025-01-01T12:00:00
S90,0.0,2025-01-01T12:00:00+08:00,2025-01-01T12:00:00
S92,0.0,2025-01-01T12:00:00+08:00,2025-01-01T12:00:00
S209,0.0,2025-01-01T12:00:00+08:00,2025-01-01T12:00:00
S50,0.0,2025-01-01T12:00:00+08:00,2025-01-01T12:00:00
S94,0.0,2025-01-01T12:00:00+08:00,2025-01-01T12:00:00
S210,0.0,2025-01-01T12:00:00+08:00,2025-01-01T12:00:00
S211,0.0,2025-01-01T12:00:00+08:00,2025-01-01T12:00:00
S119,0.0,2025-01-01T12:00:00+08:00,2025-01-01T12:00:00
S117,0.0,2025-01-01T12:00:00+08:00,2025-01-01T12:00:00
S115,0.0,2025-01-01T12:00:00+08:00,2025-01-01T12:00:00
S116,0.0,2025-01-01T12:00:00+08:00,2025-01-01T12:00:00
S113,0.0,2025-01-01T12:00:00+08:00,2025-01-01T12:00:00
S60,0.0,2025-01-01T12:00:00+08:00,2025-01-01T12:00:00
S64,0.0,2025-01-01T12:00:00+08:00,2025-01-01T12:00:00
S66,0.0,2025-01-01T12:00:00+08:00,2025-01-01T12:00:00
S24,0.0,2025-01-01T12:00:00+08:00,2025-01-01T12:00:00
S69,0.0,2025-01-01T12:00:00+08:00,2025-01-01T12:00:00
S123,0.0,2025-01-01T12:00:00+08:00,2025-01-01T12:00:00
S29,0.0,2025-01-01T12:00:00+08:00,2025-01-01T12:00:00
S121,0.0,2025-01-01T12:00:00+08:00,2025-01-01T12:00:00
S229,0.0,2025-01-01T12:00:00+08:00,2025-01-01T12:00:00
S900,0.0,2025-01-01T12:00:00+08:00,2025-01-01T12:00:00
S109,0.0,2025-01-01T12:00:00+08:00,2025-01-01T12:00:00
S106,0.0,2025-01-01T12:00:00+08:00,2025-01-01T12:00:00
S227,0.0,2025-01-01T12:00:00+08:00,2025-01-01T12:00:00
S107,0.0,2025-01-01T12:00:00+08:00,2025-01-01T12:00:00
S228,0.0,2025-01-01T12:00:00+08:00,2025-01-01T12:00:00
S104,0.0,2025-01-01T12:00:00+08:00,2025-01-01T12:00:00
S226,0.0,2025-01-01T12:00:00+08:00,2025-01-01T12:00:00
S223,0.0,2025-01-01T12:00:00+08:00,2025-01-01T12:00:00
S224,0.0,2025-01-01T12:00:00+08:00,2025-01-01T12:00:00
S71,0.0,2025-01-01T12:00:00+08:00,2025-01-01T12:00:00
S33,0.0,2025-01-01T12:00:00+08:00,2025-01-01T12:00:00
S77,0.0,2025-01-01T12:00:00+08:00,2025-01-01T12:00:00
S35,0.0,2025-01-01T12:00:00+08:00,2025-01-01T12:00:00
S79,0.0,2025-01-01T12:00:00+08:00,2025-01-01T12:00:00
S78,0.0,2025-01-01T12:00:00+08:00,2025-01-01T12:00:00
S111,0.0,2025-01-01T12:00:00+08:00,2025-01-01T12:00:00
S112,0.0,2025-01-01T12:00:00+08:00,2025-01-01T12:00:00
S230,0.0,2025-01-01T12:00:00+08:00,2025-01-01T12:00:00
S218,0.0,2025-01-01T13:00:00+08:00,2025-01-01T13:00:00
S219,0.0,2025-01-01T13:00:00+08:00,2025-01-01T13:00:00
S216,0.0,2025-01-01T13:00:00+08:00,2025-01-01T13:00:00
S217,0.0,2025-01-01T13:00:00+08:00,2025-01-01T13:00:00
S214,0.0,2025-01-01T13:00:00+08:00,2025-01-01T13:00:00
S215,0.0,2025-01-01T13:00:00+08:00,2025-01-01T13:00:00
S213,0.0,2025-01-01T13:00:00+08:00,2025-01-01T13:00:00
S81,0.0,2025-01-01T13:00:00+08:00,2025-01-01T13:00:00
S40,0.0,2025-01-01T13:00:00+08:00,2025-01-01T13:00:00
S84,0.0,2025-01-01T13:00:00+08:00,2025-01-01T13:00:00
S88,0.0,2025-01-01T13:00:00+08:00,2025-01-01T13:00:00
S43,0.0,2025-01-01T13:00:00+08:00,2025-01-01T13:00:00
S89,0.0,2025-01-01T13:00:00+08:00,2025-01-01T13:00:00
S06,0.0,2025-01-01T13:00:00+08:00,2025-01-01T13:00:00
S221,0.0,2025-01-01T13:00:00+08:00,2025-01-01T13:00:00
S222,0.0,2025-01-01T13:00:00+08:00,2025-01-01T13:00:00
S08,0.0,2025-01-01T13:00:00+08:00,2025-01-01T13:00:00
S07,0.0,2025-01-01T13:00:00+08:00,2025-01-01T13:00:00
S220,0.0,2025-01-01T13:00:00+08:00,2025-01-01T13:00:00
S207,0.0,2025-01-01T13:00:00+08:00,2025-01-01T13:00:00
S208,0.0,2025-01-01T13:00:00+08:00,2025-01-01T13:00:00
S203,0.0,2025-01-01T13:00:00+08:00,2025-01-01T13:00:00
S201,0.0,2025-01-01T13:00:00+08:00,2025-01-01T13:00:00
S90,0.0,2025-01-01T13:00:00+08:00,2025-01-01T13:00:00
S92,0.0,2025-01-01T13:00:00+08:00,2025-01-01T13:00:00
S209,0.0,2025-01-01T13:00:00+08:00,2025-01-01T13:00:00
S50,0.0,2025-01-01T13:00:00+08:00,2025-01-01T13:00:00
S94,0.0,2025-01-01T13:00:00+08:00,2025-01-01T13:00:00
S210,0.0,2025-01-01T13:00:00+08:00,2025-01-01T13:00:00
S211,0.0,2025-01-01T13:00:00+08:00,2025-01-01T13:00:00
S119,0.0,2025-01-01T13:00:00+08:00,2025-01-01T13:00:00
S117,0.0,2025-01-01T13:00:00+08:00,2025-01-01T13:00:00
S115,0.0,2025-01-01T13:00:00+08:00,2025-01-01T13:00:00
S116,0.0,2025-01-01T13:00:00+08:00,2025-01-01T13:00:00
S113,0.0,2025-01-01T13:00:00+08:00,2025-01-01T13:00:00
S60,0.0,2025-01-01T13:00:00+08:00,2025-01-01T13:00:00
S64,0.0,2025-01-01T13:00:00+08:00,2025-01-01T13:00:00
S66,0.0,2025-01-01T13:00:00+08:00,2025-01-01T13:00:00
S24,0.0,2025-01-01T13:00:00+08:00,2025-01-01T13:00:00
S69,0.0,2025-01-01T13:00:00+08:00,2025-01-01T13:00:00
S123,0.0,2025-01-01T13:00:00+08:00,2025-01-01T13:00:00
S29,0.0,2025-01-01T13:00:00+08:00,2025-01-01T13:00:00
S121,0.0,2025-01-01T13:00:00+08:00,2025-01-01T13:00:00
S229,0.0,2025-01-01T13:00:00+08:00,2025-01-01T13:00:00
S900,0.0,2025-01-01T13:00:00+08:00,2025-01-01T13:00:00
S109,0.0,2025-01-01T13:00:00+08:00,2025-01-01T13:00:00
S106,0.0,2025-01-01T13:00:00+08:00,2025-01-01T13:00:00
S227,0.0,2025-01-01T13:00:00+08:00,2025-01-01T13:00:00
S107,0.0,2025-01-01T13:00:00+08:00,2025-01-01T13:00:00
S228,0.0,2025-01-01T13:00:00+08:00,2025-01-01T13:00:00
S104,0.0,2025-01-01T13:00:00+08:00,2025-01-01T13:00:00
S226,0.0,2025-01-01T13:00:00+08:00,2025-01-01T13:00:00
S223,0.0,2025-01-01T13:00:00+08:00,2025-01-01T13:00:00
S224,0.0,2025-01-01T13:00:00+08:00,2025-01-01T13:00:00
S71,0.0,2025-01-01T13:00:00+08:00,2025-01-01T13:00:00
S33,0.0,2025-01-01T13:00:00+08:00,2025-01-01T13:00:00
S77,0.0,2025-01-01T13:00:00+08:00,2025-01-01T13:00:00
S35,0.0,2025-01-01T13:00:00+08:00,2025-01-01T13:00:00
S79,0.0,2025-01-01T13:00:00+08:00,2025-01-01T13:00:00
S78,0.0,2025-01-01T13:00:00+08:00,2025-01-01T13:00:00
S111,0.0,2025-01-01T13:00:00+08:00,2025-01-01T13:00:00
S112,0.0,2025-01-01T13:00:00+08:00,2025-01-01T13:00:00
S230,0.0,2025-01-01T13:00:00+08:00,2025-01-01T13:00:00
S218,0.0,2025-01-01T14:00:00+08:00,2025-01-01T14:00:00
S219,0.804,2025-01-01T14:00:00+08:00,2025-01-01T14:00:00
S216,2.04,2025-01-01T14:00:00+08:00,2025-01-01T14:00:00
S217,0.197,2025-01-01T14:00:00+08:00,2025-01-01T14:00:00
S214,0.0,2025-01-01T14:00:00+08:00,2025-01-01T14:00:00
S215,0.0,2025-01-01T14:00:00+08:00,2025-01-01T14:00:00
S213,0.0,2025-01-01T14:00:00+08:00,2025-01-01T14:00:00
S81,0.0,2025-01-01T14:00:00+08:00,2025-01-01T14:00:00
S40,0.0,2025-01-01T14:00:00+08:00,2025-01-01T14:00:00
S84,0.0,2025-01-01T14:00:00+08:00,2025-01-01T14:00:00
S88,0.0,2025-01-01T14:00:00+08:00,2025-01-01T14:00:00
S43,0.0,2025-01-01T14:00:00+08:00,2025-01-01T14:00:00
S89,4.8,2025-01-01T14:00:00+08:00,2025-01-01T14:00:00
S06,0.0,2025-01-01T14:00:00+08:00,2025-01-01T14:00:00
S221,0.0,2025-01-01T14:00:00+08:00,2025-01-01T14:00:00
S222,0.0,2025-01-01T14:00:00+08:00,2025-01-01T14:00:00
S08,0.0,2025-01-01T14:00:00+08:00,2025-01-01T14:00:00
S07,0.0,2025-01-01T14:00:00+08:00,2025-01-01T14:00:00
S220,0.0,2025-01-01T14:00:00+08:00,2025-01-01T14:00:00
S207,0.0,2025-01-01T14:00:00+08:00,2025-01-01T14:00:00
S208,0.0,2025-01-01T14:00:00+08:00,2025-01-01T14:00:00
S203,0.0,2025-01-01T14:00:00+08:00,2025-01-01T14:00:00
S201,0.0,2025-01-01T14:00:00+08:00,2025-01-01T14:00:00
S90,0.0,2025-01-01T14:00:00+08:00,2025-01-01T14:00:00
S92,0.0,2025-01-01T14:00:00+08:00,2025-01-01T14:00:00
S209,0.0,2025-01-01T14:00:00+08:00,2025-01-01T14:00:00
S50,0.0,2025-01-01T14:00:00+08:00,2025-01-01T14:00:00
S94,0.0,2025-01-01T14:00:00+08:00,2025-01-01T14:00:00
S210,0.0,2025-01-01T14:00:00+08:00,2025-01-01T14:00:00
S211,0.0,2025-01-01T14:00:00+08:00,2025-01-01T14:00:00
S119,0.0,2025-01-01T14:00:00+08:00,2025-01-01T14:00:00
S117,0.0,2025-01-01T14:00:00+08:00,2025-01-01T14:00:00
S115,0.0,2025-01-01T14:00:00+08:00,2025-01-01T14:00:00
S116,0.0,2025-01-01T14:00:00+08:00,2025-01-01T14:00:00
S113,0.0,2025-01-01T14:00:00+08:00,2025-01-01T14:00:00
S60,0.0,2025-01-01T14:00:00+08:00,2025-01-01T14:00:00
S64,0.0,2025-01-01T14:00:00+08:00,2025-01-01T14:00:00
S66,0.0,2025-01-01T14:00:00+08:00,2025-01-01T14:00:00
S24,0.0,2025-01-01T14:00:00+08:00,2025-01-01T14:00:00
S69,0.0,2025-01-01T14:00:00+08:00,2025-01-01T14:00:00
S123,0.0,2025-01-01T14:00:00+08:00,2025-01-01T14:00:00
S29,0.0,2025-01-01T14:00:00+08:00,2025-01-01T14:00:00
S121,0.0,2025-01-01T14:00:00+08:00,2025-01-01T14:00:00
S229,0.0,2025-01-01T14:00:00+08:00,2025-01-01T14:00:00
S900,0.0,2025-01-01T14:00:00+08:00,2025-01-01T14:00:00
S109,0.2,2025-01-01T14:00:00+08:00,2025-01-01T14:00:00
S106,0.0,2025-01-01T14:00:00+08:00,2025-01-01T14:00:00
S227,0.0,2025-01-01T14:00:00+08:00,2025-01-01T14:00:00
S107,0.0,2025-01-01T14:00:00+08:00,2025-01-01T14:00:00
S228,0.396,2025-01-01T14:00:00+08:00,2025-01-01T14:00:00
S104,0.0,2025-01-01T14:00:00+08:00,2025-01-01T14:00:00
S226,0.0,2025-01-01T14:00:00+08:00,2025-01-01T14:00:00
S223,0.0,2025-01-01T14:00:00+08:00,2025-01-01T14:00:00
S224,0.0,2025-01-01T14:00:00+08:00,2025-01-01T14:00:00
S71,0.0,2025-01-01T14:00:00+08:00,2025-01-01T14:00:00
S33,0.0,2025-01-01T14:00:00+08:00,2025-01-01T14:00:00
S77,0.0,2025-01-01T14:00:00+08:00,2025-01-01T14:00:00
S35,0.0,2025-01-01T14:00:00+08:00,2025-01-01T14:00:00
S79,0.0,2025-01-01T14:00:00+08:00,2025-01-01T14:00:00
S78,0.0,2025-01-01T14:00:00+08:00,2025-01-01T14:00:00
S111,0.0,2025-01-01T14:00:00+08:00,2025-01-01T14:00:00
S112,0.0,2025-01-01T14:00:00+08:00,2025-01-01T14:00:00
S230,0.0,2025-01-01T14:00:00+08:00,2025-01-01T14:00:00
S218,0.0,2025-01-01T15:00:00+08:00,2025-01-01T15:00:00
S219,0.0,2025-01-01T15:00:00+08:00,2025-01-01T15:00:00
S216,0.0,2025-01-01T15:00:00+08:00,2025-01-01T15:00:00
S217,0.0,2025-01-01T15:00:00+08:00,2025-01-01T15:00:00
S214,0.0,2025-01-01T15:00:00+08:00,2025-01-01T15:00:00
S215,0.0,2025-01-01T15:00:00+08:00,2025-01-01T15:00:00
S213,0.0,2025-01-01T15:00:00+08:00,2025-01-01T15:00:00
S81,0.0,2025-01-01T15:00:00+08:00,2025-01-01T15:00:00
S40,0.0,2025-01-01T15:00:00+08:00,2025-01-01T15:00:00
S84,0.0,2025-01-01T15:00:00+08:00,2025-01-01T15:00:00
S88,0.0,2025-01-01T15:00:00+08:00,2025-01-01T15:00:00
S43,0.0,2025-01-01T15:00:00+08:00,2025-01-01T15:00:00
S89,0.0,2025-01-01T15:00:00+08:00,2025-01-01T15:00:00
S06,0.0,2025-01-01T15:00:00+08:00,2025-01-01T15:00:00
S221,0.0,2025-01-01T15:00:00+08:00,2025-01-01T15:00:00
S222,2.613,2025-01-01T15:00:00+08:00,2025-01-01T15:00:00
S08,0.0,2025-01-01T15:00:00+08:00,2025-01-01T15:00:00
S07,0.0,2025-01-01T15:00:00+08:00,2025-01-01T15:00:00
S220,0.0,2025-01-01T15:00:00+08:00,2025-01-01T15:00:00
S207,0.0,2025-01-01T15:00:00+08:00,2025-01-01T15:00:00
S208,0.0,2025-01-01T15:00:00+08:00,2025-01-01T15:00:00
S203,0.0,2025-01-01T15:00:00+08:00,2025-01-01T15:00:00
S201,0.0,2025-01-01T15:00:00+08:00,2025-01-01T15:00:00
S90,0.0,2025-01-01T15:00:00+08:00,2025-01-01T15:00:00
S92,0.6,2025-01-01T15:00:00+08:00,2025-01-01T15:00:00
S209,0.0,2025-01-01T15:00:00+08:00,2025-01-01T15:00:00
S50,0.0,2025-01-01T15:00:00+08:00,2025-01-01T15:00:00
S94,0.0,2025-01-01T15:00:00+08:00,2025-01-01T15:00:00
S210,0.0,2025-01-01T15:00:00+08:00,2025-01-01T15:00:00
S211,0.0,2025-01-01T15:00:00+08:00,2025-01-01T15:00:00
S119,0.4,2025-01-01T15:00:00+08:00,2025-01-01T15:00:00
S117,0.0,2025-01-01T15:00:00+08:00,2025-01-01T15:00:00
S115,0.0,2025-01-01T15:00:00+08:00,2025-01-01T15:00:00
S116,0.0,2025-01-01T15:00:00+08:00,2025-01-01T15:00:00
S113,0.0,2025-01-01T15:00:00+08:00,2025-01-01T15:00:00
S60,3.0,2025-01-01T15:00:00+08:00,2025-01-01T15:00:00
S64,0.0,2025-01-01T15:00:00+08:00,2025-01-01T15:00:00
S66,0.0,2025-01-01T15:00:00+08:00,2025-01-01T15:00:00
S24,0.0,2025-01-01T15:00:00+08:00,2025-01-01T15:00:00
S69,0.0,2025-01-01T15:00:00+08:00,2025-01-01T15:00:00
S123,0.0,2025-01-01T15:00:00+08:00,2025-01-01T15:00:00
S29,0.0,2025-01-01T15:00:00+08:00,2025-01-01T15:00:00
S121,0.0,2025-01-01T15:00:00+08:00,2025-01-01T15:00:00
S229,0.0,2025-01-01T15:00:00+08:00,2025-01-01T15:00:00
S900,0.0,2025-01-01T15:00:00+08:00,2025-01-01T15:00:00
S109,0.0,2025-01-01T15:00:00+08:00,2025-01-01T15:00:00
S106,0.0,2025-01-01T15:00:00+08:00,2025-01-01T15:00:00
S227,0.0,2025-01-01T15:00:00+08:00,2025-01-01T15:00:00
S107,0.0,2025-01-01T15:00:00+08:00,2025-01-01T15:00:00
S228,0.0,2025-01-01T15:00:00+08:00,2025-01-01T15:00:00
S104,0.0,2025-01-01T15:00:00+08:00,2025-01-01T15:00:00
S226,1.8,2025-01-01T15:00:00+08:00,2025-01-01T15:00:00
S223,1.421,2025-01-01T15:00:00+08:00,2025-01-01T15:00:00
S224,0.0,2025-01-01T15:00:00+08:00,2025-01-01T15:00:00
S71,0.2,2025-01-01T15:00:00+08:00,2025-01-01T15:00:00
S33,0.0,2025-01-01T15:00:00+08:00,2025-01-01T15:00:00
S77,7.4,2025-01-01T15:00:00+08:00,2025-01-01T15:00:00
S35,0.0,2025-01-01T15:00:00+08:00,2025-01-01T15:00:00
S79,0.8,2025-01-01T15:00:00+08:00,2025-01-01T15:00:00
S78,0.0,2025-01-01T15:00:00+08:00,2025-01-01T15:00:00
S111,0.4,2025-01-01T15:00:00+08:00,2025-01-01T15:00:00
S112,0.4,2025-01-01T15:00:00+08:00,2025-01-01T15:00:00
S230,0.0,2025-01-01T15:00:00+08:00,2025-01-01T15:00:00
S218,0.0,2025-01-01T16:00:00+08:00,2025-01-01T16:00:00
S219,0.0,2025-01-01T16:00:00+08:00,2025-01-01T16:00:00
S216,0.0,2025-01-01T16:00:00+08:00,2025-01-01T16:00:00
S217,0.0,2025-01-01T16:00:00+08:00,2025-01-01T16:00:00
S214,0.0,2025-01-01T16:00:00+08:00,2025-01-01T16:00:00
S215,0.0,2025-01-01T16:00:00+08:00,2025-01-01T16:00:00
S213,0.0,2025-01-01T16:00:00+08:00,2025-01-01T16:00:00
S81,0.0,2025-01-01T16:00:00+08:00,2025-01-01T16:00:00
S40,3.2,2025-01-01T16:00:00+08:00,2025-01-01T16:00:00
S84,0.0,2025-01-01T16:00:00+08:00,2025-01-01T16:00:00
S88,0.0,2025-01-01T16:00:00+08:00,2025-01-01T16:00:00
S43,0.0,2025-01-01T16:00:00+08:00,2025-01-01T16:00:00
S89,0.0,2025-01-01T16:00:00+08:00,2025-01-01T16:00:00
S06,0.0,2025-01-01T16:00:00+08:00,2025-01-01T16:00:00
S221,0.0,2025-01-01T16:00:00+08:00,2025-01-01T16:00:00
S222,0.0,2025-01-01T16:00:00+08:00,2025-01-01T16:00:00
S08,0.0,2025-01-01T16:00:00+08:00,2025-01-01T16:00:00
S07,0.0,2025-01-01T16:00:00+08:00,2025-01-01T16:00:00
S220,0.0,2025-01-01T16:00:00+08:00,2025-01-01T16:00:00
S207,0.0,2025-01-01T16:00:00+08:00,2025-01-01T16:00:00
S208,0.0,2025-01-01T16:00:00+08:00,2025-01-01T16:00:00
S203,0.0,2025-01-01T16:00:00+08:00,2025-01-01T16:00:00
S201,0.0,2025-01-01T16:00:00+08:00,2025-01-01T16:00:00
S90,0.0,2025-01-01T16:00:00+08:00,2025-01-01T16:00:00
S92,0.0,2025-01-01T16:00:00+08:00,2025-01-01T16:00:00
S209,0.404,2025-01-01T16:00:00+08:00,2025-01-01T16:00:00
S50,0.0,2025-01-01T16:00:00+08:00,2025-01-01T16:00:00
S94,0.0,2025-01-01T16:00:00+08:00,2025-01-01T16:00:00
S210,4.221,2025-01-01T16:00:00+08:00,2025-01-01T16:00:00
S211,3.857,2025-01-01T16:00:00+08:00,2025-01-01T16:00:00
S119,0.0,2025-01-01T16:00:00+08:00,2025-01-01T16:00:00
S117,0.0,2025-01-01T16:00:00+08:00,2025-01-01T16:00:00
S115,0.0,2025-01-01T16:00:00+08:00,2025-01-01T16:00:00
S116,0.0,2025-01-01T16:00:00+08:00,2025-01-01T16:00:00
S113,0.0,2025-01-01T16:00:00+08:00,2025-01-01T16:00:00
S60,0.0,2025-01-01T16:00:00+08:00,2025-01-01T16:00:00
S64,0.2,2025-01-01T16:00:00+08:00,2025-01-01T16:00:00
S66,7.0,2025-01-01T16:00:00+08:00,2025-01-01T16:00:00
S24,0.0,2025-01-01T16:00:00+08:00,2025-01-01T16:00:00
S69,1.0,2025-01-01T16:00:00+08:00,2025-01-01T16:00:00
S123,0.0,2025-01-01T16:00:00+08:00,2025-01-01T16:00:00
S29,0.0,2025-01-01T16:00:00+08:00,2025-01-01T16:00:00
S121,0.0,2025-01-01T16:00:00+08:00,2025-01-01T16:00:00
S229,0.0,2025-01-01T16:00:00+08:00,2025-01-01T16:00:00
S900,0.0,2025-01-01T16:00:00+08:00,2025-01-01T16:00:00
S109,0.0,2025-01-01T16:00:00+08:00,2025-01-01T16:00:00
S106,0.0,2025-01-01T16:00:00+08:00,2025-01-01T16:00:00
S227,2.424,2025-01-01T16:00:00+08:00,2025-01-01T16:00:00
S107,0.0,2025-01-01T16:00:00+08:00,2025-01-01T16:00:00
S228,0.0,2025-01-01T16:00:00+08:00,2025-01-01T16:00:00
S104,2.6,2025-01-01T16:00:00+08:00,2025-01-01T16:00:00
S226,0.0,2025-01-01T16:00:00+08:00,2025-01-01T16:00:00
S223,0.0,2025-01-01T16:00:00+08:00,2025-01-01T16:00:00
S224,0.0,2025-01-01T16:00:00+08:00,2025-01-01T16:00:00
S71,0.0,2025-01-01T16:00:00+08:00,2025-01-01T16:00:00
S33,0.0,2025-01-01T16:00:00+08:00,2025-01-01T16:00:00
S77,0.0,2025-01-01T16:00:00+08:00,2025-01-01T16:00:00
S35,0.0,2025-01-01T16:00:00+08:00,2025-01-01T16:00:00
S79,0.0,2025-01-01T16:00:00+08:00,2025-01-01T16:00:00
S78,0.0,2025-01-01T16:00:00+08:00,2025-01-01T16:00:00
S111,0.0,2025-01-01T16:00:00+08:00,2025-01-01T16:00:00
S112,0.2,2025-01-01T16:00:00+08:00,2025-01-01T16:00:00
S230,0.0,2025-01-01T16:00:00+08:00,2025-01-01T16:00:00
S218,0.0,2025-01-01T17:00:00+08:00,2025-01-01T17:00:00
S219,1.206,2025-01-01T17:00:00+08:00,2025-01-01T17:00:00
S216,0.0,2025-01-01T17:00:00+08:00,2025-01-01T17:00:00
S217,0.0,2025-01-01T17:00:00+08:00,2025-01-01T17:00:00
S214,0.0,2025-01-01T17:00:00+08:00,2025-01-01T17:00:00
S215,0.0,2025-01-01T17:00:00+08:00,2025-01-01T17:00:00
S213,0.0,2025-01-01T17:00:00+08:00,2025-01-01T17:00:00
S81,0.4,2025-01-01T17:00:00+08:00,2025-01-01T17:00:00
S40,0.0,2025-01-01T17:00:00+08:00,2025-01-01T17:00:00
S84,0.0,2025-01-01T17:00:00+08:00,2025-01-01T17:00:00
S88,0.0,2025-01-01T17:00:00+08:00,2025-01-01T17:00:00
S43,0.0,2025-01-01T17:00:00+08:00,2025-01-01T17:00:00
S89,0.0,2025-01-01T17:00:00+08:00,2025-01-01T17:00:00
S06,0.2,2025-01-01T17:00:00+08:00,2025-01-01T17:00:00
S221,0.198,2025-01-01T17:00:00+08:00,2025-01-01T17:00:00
S222,0.0,2025-01-01T17:00:00+08:00,2025-01-01T17:00:00
S08,0.0,2025-01-01T17:00:00+08:00,2025-01-01T17:00:00
S07,0.0,2025-01-01T17:00:00+08:00,2025-01-01T17:00:00
S220,0.203,2025-01-01T17:00:00+08:00,2025-01-01T17:00:00
S207,0.603,2025-01-01T17:00:00+08:00,2025-01-01T17:00:00
S208,0.204,2025-01-01T17:00:00+08:00,2025-01-01T17:00:00
S203,0.0,2025-01-01T17:00:00+08:00,2025-01-01T17:00:00
S201,0.0,2025-01-01T17:00:00+08:00,2025-01-01T17:00:00
S90,0.0,2025-01-01T17:00:00+08:00,2025-01-01T17:00:00
S92,0.0,2025-01-01T17:00:00+08:00,2025-01-01T17:00:00
S209,0.0,2025-01-01T17:00:00+08:00,2025-01-01T17:00:00
S50,0.0,2025-01-01T17:00:00+08:00,2025-01-01T17:00:00
S94,0.6,2025-01-01T17:00:00+08:00,2025-01-01T17:00:00
S210,0.0,2025-01-01T17:00:00+08:00,2025-01-01T17:00:00
S211,0.0,2025-01-01T17:00:00+08:00,2025-01-01T17:00:00
S119,0.0,2025-01-01T17:00:00+08:00,2025-01-01T17:00:00
S117,0.0,2025-01-01T17:00:00+08:00,2025-01-01T17:00:00
S115,0.0,2025-01-01T17:00:00+08:00,2025-01-01T17:00:00
S116,0.0,2025-01-01T17:00:00+08:00,2025-01-01T17:00:00
S113,0.0,2025-01-01T17:00:00+08:00,2025-01-01T17:00:00
S60,0.0,2025-01-01T17:00:00+08:00,2025-01-01T17:00:00
S64,0.0,2025-01-01T17:00:00+08:00,2025-01-01T17:00:00
S66,0.0,2025-01-01T17:00:00+08:00,2025-01-01T17:00:00
S24,0.0,2025-01-01T17:00:00+08:00,2025-01-01T17:00:00
S69,0.0,2025-01-01T17:00:00+08:00,2025-01-01T17:00:00
S123,0.0,2025-01-01T17:00:00+08:00,2025-01-01T17:00:00
S29,0.4,2025-01-01T17:00:00+08:00,2025-01-01T17:00:00
S121,0.0,2025-01-01T17:00:00+08:00,2025-01-01T17:00:00
S229,0.0,2025-01-01T17:00:00+08:00,2025-01-01T17:00:00
S900,1.4,2025-01-01T17:00:00+08:00,2025-01-01T17:00:00
S109,0.0,2025-01-01T17:00:00+08:00,2025-01-01T17:00:00
S106,0.0,2025-01-01T17:00:00+08:00,2025-01-01T17:00:00
S227,0.0,2025-01-01T17:00:00+08:00,2025-01-01T17:00:00
S107,2.6,2025-01-01T17:00:00+08:00,2025-01-01T17:00:00
S228,0.0,2025-01-01T17:00:00+08:00,2025-01-01T17:00:00
S104,0.0,2025-01-01T17:00:00+08:00,2025-01-01T17:00:00
S226,0.0,2025-01-01T17:00:00+08:00,2025-01-01T17:00:00
S223,0.0,2025-01-01T17:00:00+08:00,2025-01-01T17:00:00
S224,0.0,2025-01-01T17:00:00+08:00,2025-01-01T17:00:00
S71,0.0,2025-01-01T17:00:00+08:00,2025-01-01T17:00:00
S33,0.0,2025-01-01T17:00:00+08:00,2025-01-01T17:00:00
S77,0.0,2025-01-01T17:00:00+08:00,2025-01-01T17:00:00
S35,0.0,2025-01-01T17:00:00+08:00,2025-01-01T17:00:00
S79,0.0,2025-01-01T17:00:00+08:00,2025-01-01T17:00:00
S78,0.0,2025-01-01T17:00:00+08:00,2025-01-01T17:00:00
S111,0.0,2025-01-01T17:00:00+08:00,2025-01-01T17:00:00
S112,0.0,2025-01-01T17:00:00+08:00,2025-01-01T17:00:00
S230,0.0,2025-01-01T17:00:00+08:00,2025-01-01T17:00:00
S218,0.0,2025-01-01T18:00:00+08:00,2025-01-01T18:00:00
S219,0.0,2025-01-01T18:00:00+08:00,2025-01-01T18:00:00
S216,0.0,2025-01-01T18:00:00+08:00,2025-01-01T18:00:00
S217,0.0,2025-01-01T18:00:00+08:00,2025-01-01T18:00:00
S214,0.0,2025-01-01T18:00:00+08:00,2025-01-01T18:00:00
S215,0.0,2025-01-01T18:00:00+08:00,2025-01-01T18:00:00
S213,0.0,2025-01-01T18:00:00+08:00,2025-01-01T18:00:00
S81,0.0,2025-01-01T18:00:00+08:00,2025-01-01T18:00:00
S40,0.0,2025-01-01T18:00:00+08:00,2025-01-01T18:00:00
S84,0.0,2025-01-01T18:00:00+08:00,2025-01-01T18:00:00
S88,0.0,2025-01-01T18:00:00+08:00,2025-01-01T18:00:00
S43,0.0,2025-01-01T18:00:00+08:00,2025-01-01T18:00:00
S89,0.0,2025-01-01T18:00:00+08:00,2025-01-01T18:00:00
S06,0.0,2025-01-01T18:00:00+08:00,2025-01-01T18:00:00
S221,0.0,2025-01-01T18:00:00+08:00,2025-01-01T18:00:00
S222,0.0,2025-01-01T18:00:00+08:00,2025-01-01T18:00:00
S08,0.0,2025-01-01T18:00:00+08:00,2025-01-01T18:00:00
S07,0.0,2025-01-01T18:00:00+08:00,2025-01-01T18:00:00
S220,0.0,2025-01-01T18:00:00+08:00,2025-01-01T18:00:00
S207,0.0,2025-01-01T18:00:00+08:00,2025-01-01T18:00:00
S208,0.0,2025-01-01T18:00:00+08:00,2025-01-01T18:00:00
S203,0.0,2025-01-01T18:00:00+08:00,2025-01-01T18:00:00
S201,0.0,2025-01-01T18:00:00+08:00,2025-01-01T18:00:00
S90,0.0,2025-01-01T18:00:00+08:00,2025-01-01T18:00:00
S92,0.0,2025-01-01T18:00:00+08:00,2025-01-01T18:00:00
S209,0.0,2025-01-01T18:00:00+08:00,2025-01-01T18:00:00
S50,0.0,2025-01-01T18:00:00+08:00,2025-01-01T18:00:00
S94,0.0,2025-01-01T18:00:00+08:00,2025-01-01T18:00:00
S210,0.0,2025-01-01T18:00:00+08:00,2025-01-01T18:00:00
S211,0.0,2025-01-01T18:00:00+08:00,2025-01-01T18:00:00
S119,0.0,2025-01-01T18:00:00+08:00,2025-01-01T18:00:00
S117,0.0,2025-01-01T18:00:00+08:00,2025-01-01T18:00:00
S115,0.0,2025-01-01T18:00:00+08:00,2025-01-01T18:00:00
S116,0.0,2025-01-01T18:00:00+08:00,2025-01-01T18:00:00
S113,0.0,2025-01-01T18:00:00+08:00,2025-01-01T18:00:00
S60,0.0,2025-01-01T18:00:00+08:00,2025-01-01T18:00:00
S64,0.0,2025-01-01T18:00:00+08:00,2025-01-01T18:00:00
S66,0.0,2025-01-01T18:00:00+08:00,2025-01-01T18:00:00
S24,0.0,2025-01-01T18:00:00+08:00,2025-01-01T18:00:00
S69,0.0,2025-01-01T18:00:00+08:00,2025-01-01T18:00:00
S123,0.0,2025-01-01T18:00:00+08:00,2025-01-01T18:00:00
S29,0.0,2025-01-01T18:00:00+08:00,2025-01-01T18:00:00
S121,0.0,2025-01-01T18:00:00+08:00,2025-01-01T18:00:00
S229,0.0,2025-01-01T18:00:00+08:00,2025-01-01T18:00:00
S900,0.0,2025-01-01T18:00:00+08:00,2025-01-01T18:00:00
S109,0.0,2025-01-01T18:00:00+08:00,2025-01-01T18:00:00
S106,0.0,2025-01-01T18:00:00+08:00,2025-01-01T18:00:00
S227,0.0,2025-01-01T18:00:00+08:00,2025-01-01T18:00:00
S107,0.0,2025-01-01T18:00:00+08:00,2025-01-01T18:00:00
S228,0.0,2025-01-01T18:00:00+08:00,2025-01-01T18:00:00
S104,0.0,2025-01-01T18:00:00+08:00,2025-01-01T18:00:00
S226,0.0,2025-01-01T18:00:00+08:00,2025-01-01T18:00:00
S223,0.0,2025-01-01T18:00:00+08:00,2025-01-01T18:00:00
S224,0.0,2025-01-01T18:00:00+08:00,2025-01-01T18:00:00
S71,0.0,2025-01-01T18:00:00+08:00,2025-01-01T18:00:00
S33,0.0,2025-01-01T18:00:00+08:00,2025-01-01T18:00:00
S77,0.0,2025-01-01T18:00:00+08:00,2025-01-01T18:00:00
S35,0.0,2025-01-01T18:00:00+08:00,2025-01-01T18:00:00
S79,0.0,2025-01-01T18:00:00+08:00,2025-01-01T18:00:00
S78,0.0,2025-01-01T18:00:00+08:00,2025-01-01T18:00:00
S111,0.0,2025-01-01T18:00:00+08:00,2025-01-01T18:00:00
S112,0.0,2025-01-01T18:00:00+08:00,2025-01-01T18:00:00
S230,0.0,2025-01-01T18:00:00+08:00,2025-01-01T18:00:00
S218,0.0,2025-01-01T20:00:00+08:00,2025-01-01T20:00:00
S219,0.0,2025-01-01T20:00:00+08:00,2025-01-01T20:00:00
S216,0.0,2025-01-01T20:00:00+08:00,2025-01-01T20:00:00
S217,0.0,2025-01-01T20:00:00+08:00,2025-01-01T20:00:00
S214,0.0,2025-01-01T20:00:00+08:00,2025-01-01T20:00:00
S215,0.0,2025-01-01T20:00:00+08:00,2025-01-01T20:00:00
S213,0.0,2025-01-01T20:00:00+08:00,2025-01-01T20:00:00
S81,0.0,2025-01-01T20:00:00+08:00,2025-01-01T20:00:00
S40,0.0,2025-01-01T20:00:00+08:00,2025-01-01T20:00:00
S84,0.0,2025-01-01T20:00:00+08:00,2025-01-01T20:00:00
S88,0.0,2025-01-01T20:00:00+08:00,2025-01-01T20:00:00
S43,0.0,2025-01-01T20:00:00+08:00,2025-01-01T20:00:00
S89,0.0,2025-01-01T20:00:00+08:00,2025-01-01T20:00:00
S06,0.0,2025-01-01T20:00:00+08:00,2025-01-01T20:00:00
S221,0.0,2025-01-01T20:00:00+08:00,2025-01-01T20:00:00
S222,0.0,2025-01-01T20:00:00+08:00,2025-01-01T20:00:00
S08,0.0,2025-01-01T20:00:00+08:00,2025-01-01T20:00:00
S07,0.0,2025-01-01T20:00:00+08:00,2025-01-01T20:00:00
S220,0.0,2025-01-01T20:00:00+08:00,2025-01-01T20:00:00
S207,0.0,2025-01-01T20:00:00+08:00,2025-01-01T20:00:00
S208,0.0,2025-01-01T20:00:00+08:00,2025-01-01T20:00:00
S203,0.0,2025-01-01T20:00:00+08:00,2025-01-01T20:00:00
S201,0.0,2025-01-01T20:00:00+08:00,2025-01-01T20:00:00
S90,0.0,2025-01-01T20:00:00+08:00,2025-01-01T20:00:00
S92,0.0,2025-01-01T20:00:00+08:00,2025-01-01T20:00:00
S209,0.0,2025-01-01T20:00:00+08:00,2025-01-01T20:00:00
S50,0.0,2025-01-01T20:00:00+08:00,2025-01-01T20:00:00
S94,0.0,2025-01-01T20:00:00+08:00,2025-01-01T20:00:00
S210,0.0,2025-01-01T20:00:00+08:00,2025-01-01T20:00:00
S211,0.0,2025-01-01T20:00:00+08:00,2025-01-01T20:00:00
S119,0.0,2025-01-01T20:00:00+08:00,2025-01-01T20:00:00
S117,0.0,2025-01-01T20:00:00+08:00,2025-01-01T20:00:00
S115,0.0,2025-01-01T20:00:00+08:00,2025-01-01T20:00:00
S116,0.0,2025-01-01T20:00:00+08:00,2025-01-01T20:00:00
S113,0.0,2025-01-01T20:00:00+08:00,2025-01-01T20:00:00
S60,0.0,2025-01-01T20:00:00+08:00,2025-01-01T20:00:00
S64,0.0,2025-01-01T20:00:00+08:00,2025-01-01T20:00:00
S66,0.0,2025-01-01T20:00:00+08:00,2025-01-01T20:00:00
S24,0.0,2025-01-01T20:00:00+08:00,2025-01-01T20:00:00
S69,0.0,2025-01-01T20:00:00+08:00,2025-01-01T20:00:00
S123,0.0,2025-01-01T20:00:00+08:00,2025-01-01T20:00:00
S29,0.0,2025-01-01T20:00:00+08:00,2025-01-01T20:00:00
S121,0.0,2025-01-01T20:00:00+08:00,2025-01-01T20:00:00
S229,0.0,2025-01-01T20:00:00+08:00,2025-01-01T20:00:00
S900,0.0,2025-01-01T20:00:00+08:00,2025-01-01T20:00:00
S109,0.0,2025-01-01T20:00:00+08:00,2025-01-01T20:00:00
S106,0.0,2025-01-01T20:00:00+08:00,2025-01-01T20:00:00
S227,0.0,2025-01-01T20:00:00+08:00,2025-01-01T20:00:00
S107,0.0,2025-01-01T20:00:00+08:00,2025-01-01T20:00:00
S228,0.0,2025-01-01T20:00:00+08:00,2025-01-01T20:00:00
S104,0.0,2025-01-01T20:00:00+08:00,2025-01-01T20:00:00
S226,0.0,2025-01-01T20:00:00+08:00,2025-01-01T20:00:00
S223,0.0,2025-01-01T20:00:00+08:00,2025-01-01T20:00:00
S224,0.0,2025-01-01T20:00:00+08:00,2025-01-01T20:00:00
S71,0.0,2025-01-01T20:00:00+08:00,2025-01-01T20:00:00
S33,0.0,2025-01-01T20:00:00+08:00,2025-01-01T20:00:00
S77,0.0,2025-01-01T20:00:00+08:00,2025-01-01T20:00:00
S35,0.0,2025-01-01T20:00:00+08:00,2025-01-01T20:00:00
S79,0.0,2025-01-01T20:00:00+08:00,2025-01-01T20:00:00
S78,0.0,2025-01-01T20:00:00+08:00,2025-01-01T20:00:00
S111,0.0,2025-01-01T20:00:00+08:00,2025-01-01T20:00:00
S112,0.0,2025-01-01T20:00:00+08:00,2025-01-01T20:00:00
S230,0.0,2025-01-01T20:00:00+08:00,2025-01-01T20:00:00
S218,0.0,2025-01-01T21:00:00+08:00,2025-01-01T21:00:00
S219,0.0,2025-01-01T21:00:00+08:00,2025-01-01T21:00:00
S216,0.0,2025-01-01T21:00:00+08:00,2025-01-01T21:00:00
S217,0.0,2025-01-01T21:00:00+08:00,2025-01-01T21:00:00
S214,0.0,2025-01-01T21:00:00+08:00,2025-01-01T21:00:00
S215,0.0,2025-01-01T21:00:00+08:00,2025-01-01T21:00:00
S213,0.0,2025-01-01T21:00:00+08:00,2025-01-01T21:00:00
S81,0.0,2025-01-01T21:00:00+08:00,2025-01-01T21:00:00
S40,0.0,2025-01-01T21:00:00+08:00,2025-01-01T21:00:00
S84,0.0,2025-01-01T21:00:00+08:00,2025-01-01T21:00:00
S88,0.0,2025-01-01T21:00:00+08:00,2025-01-01T21:00:00
S43,0.0,2025-01-01T21:00:00+08:00,2025-01-01T21:00:00
S89,0.0,2025-01-01T21:00:00+08:00,2025-01-01T21:00:00
S06,0.0,2025-01-01T21:00:00+08:00,2025-01-01T21:00:00
S221,0.0,2025-01-01T21:00:00+08:00,2025-01-01T21:00:00
S222,0.0,2025-01-01T21:00:00+08:00,2025-01-01T21:00:00
S08,0.0,2025-01-01T21:00:00+08:00,2025-01-01T21:00:00
S07,0.0,2025-01-01T21:00:00+08:00,2025-01-01T21:00:00
S220,0.0,2025-01-01T21:00:00+08:00,2025-01-01T21:00:00
S207,0.0,2025-01-01T21:00:00+08:00,2025-01-01T21:00:00
S208,0.0,2025-01-01T21:00:00+08:00,2025-01-01T21:00:00
S203,0.0,2025-01-01T21:00:00+08:00,2025-01-01T21:00:00
S201,0.0,2025-01-01T21:00:00+08:00,2025-01-01T21:00:00
S90,0.0,2025-01-01T21:00:00+08:00,2025-01-01T21:00:00
S92,0.0,2025-01-01T21:00:00+08:00,2025-01-01T21:00:00
S209,0.0,2025-01-01T21:00:00+08:00,2025-01-01T21:00:00
S50,0.0,2025-01-01T21:00:00+08:00,2025-01-01T21:00:00
S94,0.0,2025-01-01T21:00:00+08:00,2025-01-01T21:00:00
S210,0.0,2025-01-01T21:00:00+08:00,2025-01-01T21:00:00
S211,0.0,2025-01-01T21:00:00+08:00,2025-01-01T21:00:00
S119,0.0,2025-01-01T21:00:00+08:00,2025-01-01T21:00:00
S117,0.0,2025-01-01T21:00:00+08:00,2025-01-01T21:00:00
S115,0.0,2025-01-01T21:00:00+08:00,2025-01-01T21:00:00
S116,0.0,2025-01-01T21:00:00+08:00,2025-01-01T21:00:00
S113,0.0,2025-01-01T21:00:00+08:00,2025-01-01T21:00:00
S60,0.0,2025-01-01T21:00:00+08:00,2025-01-01T21:00:00
S64,0.0,2025-01-01T21:00:00+08:00,2025-01-01T21:00:00
S66,0.0,2025-01-01T21:00:00+08:00,2025-01-01T21:00:00
S24,0.0,2025-01-01T21:00:00+08:00,2025-01-01T21:00:00
S69,0.0,2025-01-01T21:00:00+08:00,2025-01-01T21:00:00
S123,0.0,2025-01-01T21:00:00+08:00,2025-01-01T21:00:00
S29,0.0,2025-01-01T21:00:00+08:00,2025-01-01T21:00:00
S121,0.0,2025-01-01T21:00:00+08:00,2025-01-01T21:00:00
S229,0.0,2025-01-01T21:00:00+08:00,2025-01-01T21:00:00
S900,0.0,2025-01-01T21:00:00+08:00,2025-01-01T21:00:00
S109,0.0,2025-01-01T21:00:00+08:00,2025-01-01T21:00:00
S106,0.0,2025-01-01T21:00:00+08:00,2025-01-01T21:00:00
S227,0.0,2025-01-01T21:00:00+08:00,2025-01-01T21:00:00
S107,0.0,2025-01-01T21:00:00+08:00,2025-01-01T21:00:00
S228,0.0,2025-01-01T21:00:00+08:00,2025-01-01T21:00:00
S104,0.0,2025-01-01T21:00:00+08:00,2025-01-01T21:00:00
S226,0.0,2025-01-01T21:00:00+08:00,2025-01-01T21:00:00
S223,0.0,2025-01-01T21:00:00+08:00,2025-01-01T21:00:00
S224,0.0,2025-01-01T21:00:00+08:00,2025-01-01T21:00:00
S71,0.0,2025-01-01T21:00:00+08:00,2025-01-01T21:00:00
S33,0.0,2025-01-01T21:00:00+08:00,2025-01-01T21:00:00
S77,0.0,2025-01-01T21:00:00+08:00,2025-01-01T21:00:00
S35,0.0,2025-01-01T21:00:00+08:00,2025-01-01T21:00:00
S79,0.0,2025-01-01T21:00:00+08:00,2025-01-01T21:00:00
S78,0.0,2025-01-01T21:00:00+08:00,2025-01-01T21:00:00
S111,0.0,2025-01-01T21:00:00+08:00,2025-01-01T21:00:00
S112,0.0,2025-01-01T21:00:00+08:00,2025-01-01T21:00:00
S230,0.0,2025-01-01T21:00:00+08:00,2025-01-01T21:00:00
S218,0.0,2025-01-01T22:00:00+08:00,2025-01-01T22:00:00
S219,0.0,2025-01-01T22:00:00+08:00,2025-01-01T22:00:00
S216,0.0,2025-01-01T22:00:00+08:00,2025-01-01T22:00:00
S217,0.0,2025-01-01T22:00:00+08:00,2025-01-01T22:00:00
S214,0.0,2025-01-01T22:00:00+08:00,2025-01-01T22:00:00
S215,0.0,2025-01-01T22:00:00+08:00,2025-01-01T22:00:00
S213,0.0,2025-01-01T22:00:00+08:00,2025-01-01T22:00:00
S81,0.0,2025-01-01T22:00:00+08:00,2025-01-01T22:00:00
S40,0.0,2025-01-01T22:00:00+08:00,2025-01-01T22:00:00
S84,0.0,2025-01-01T22:00:00+08:00,2025-01-01T22:00:00
S88,0.0,2025-01-01T22:00:00+08:00,2025-01-01T22:00:00
S43,0.0,2025-01-01T22:00:00+08:00,2025-01-01T22:00:00
S89,0.0,2025-01-01T22:00:00+08:00,2025-01-01T22:00:00
S06,0.0,2025-01-01T22:00:00+08:00,2025-01-01T22:00:00
S221,0.0,2025-01-01T22:00:00+08:00,2025-01-01T22:00:00
S222,0.0,2025-01-01T22:00:00+08:00,2025-01-01T22:00:00
S08,0.0,2025-01-01T22:00:00+08:00,2025-01-01T22:00:00
S07,0.0,2025-01-01T22:00:00+08:00,2025-01-01T22:00:00
S220,0.0,2025-01-01T22:00:00+08:00,2025-01-01T22:00:00
S207,0.0,2025-01-01T22:00:00+08:00,2025-01-01T22:00:00
S208,0.0,2025-01-01T22:00:00+08:00,2025-01-01T22:00:00
S203,0.0,2025-01-01T22:00:00+08:00,2025-01-01T22:00:00
S201,0.0,2025-01-01T22:00:00+08:00,2025-01-01T22:00:00
S90,0.0,2025-01-01T22:00:00+08:00,2025-01-01T22:00:00
S92,0.0,2025-01-01T22:00:00+08:00,2025-01-01T22:00:00
S209,0.0,2025-01-01T22:00:00+08:00,2025-01-01T22:00:00
S50,0.0,2025-01-01T22:00:00+08:00,2025-01-01T22:00:00
S94,0.0,2025-01-01T22:00:00+08:00,2025-01-01T22:00:00
S210,0.0,2025-01-01T22:00:00+08:00,2025-01-01T22:00:00
S211,0.0,2025-01-01T22:00:00+08:00,2025-01-01T22:00:00
S119,0.0,2025-01-01T22:00:00+08:00,2025-01-01T22:00:00
S117,0.0,2025-01-01T22:00:00+08:00,2025-01-01T22:00:00
S115,0.0,2025-01-01T22:00:00+08:00,2025-01-01T22:00:00
S116,0.0,2025-01-01T22:00:00+08:00,2025-01-01T22:00:00
S113,0.0,2025-01-01T22:00:00+08:00,2025-01-01T22:00:00
S60,0.0,2025-01-01T22:00:00+08:00,2025-01-01T22:00:00
S64,0.0,2025-01-01T22:00:00+08:00,2025-01-01T22:00:00
S66,0.0,2025-01-01T22:00:00+08:00,2025-01-01T22:00:00
S24,0.0,2025-01-01T22:00:00+08:00,2025-01-01T22:00:00
S69,0.0,2025-01-01T22:00:00+08:00,2025-01-01T22:00:00
S123,0.0,2025-01-01T22:00:00+08:00,2025-01-01T22:00:00
S29,0.0,2025-01-01T22:00:00+08:00,2025-01-01T22:00:00
S121,0.0,2025-01-01T22:00:00+08:00,2025-01-01T22:00:00
S229,0.0,2025-01-01T22:00:00+08:00,2025-01-01T22:00:00
S900,0.0,2025-01-01T22:00:00+08:00,2025-01-01T22:00:00
S109,0.0,2025-01-01T22:00:00+08:00,2025-01-01T22:00:00
S106,0.0,2025-01-01T22:00:00+08:00,2025-01-01T22:00:00
S227,0.0,2025-01-01T22:00:00+08:00,2025-01-01T22:00:00
S107,0.0,2025-01-01T22:00:00+08:00,2025-01-01T22:00:00
S228,0.0,2025-01-01T22:00:00+08:00,2025-01-01T22:00:00
S104,0.0,2025-01-01T22:00:00+08:00,2025-01-01T22:00:00
S226,0.0,2025-01-01T22:00:00+08:00,2025-01-01T22:00:00
S223,0.0,2025-01-01T22:00:00+08:00,2025-01-01T22:00:00
S224,0.0,2025-01-01T22:00:00+08:00,2025-01-01T22:00:00
S71,0.0,2025-01-01T22:00:00+08:00,2025-01-01T22:00:00
S33,0.0,2025-01-01T22:00:00+08:00,2025-01-01T22:00:00
S77,0.0,2025-01-01T22:00:00+08:00,2025-01-01T22:00:00
S35,0.0,2025-01-01T22:00:00+08:00,2025-01-01T22:00:00
S79,0.0,2025-01-01T22:00:00+08:00,2025-01-01T22:00:00
S78,0.0,2025-01-01T22:00:00+08:00,2025-01-01T22:00:00
S111,0.0,2025-01-01T22:00:00+08:00,2025-01-01T22:00:00
S112,0.0,2025-01-01T22:00:00+08:00,2025-01-01T22:00:00
S230,0.0,2025-01-01T22:00:00+08:00,2025-01-01T22:00:00
S218,0.0,2025-01-01T23:00:00+08:00,2025-01-01T23:00:00
S219,0.0,2025-01-01T23:00:00+08:00,2025-01-01T23:00:00
S216,0.0,2025-01-01T23:00:00+08:00,2025-01-01T23:00:00
S217,0.0,2025-01-01T23:00:00+08:00,2025-01-01T23:00:00
S214,0.0,2025-01-01T23:00:00+08:00,2025-01-01T23:00:00
S215,0.0,2025-01-01T23:00:00+08:00,2025-01-01T23:00:00
S213,0.0,2025-01-01T23:00:00+08:00,2025-01-01T23:00:00
S81,0.0,2025-01-01T23:00:00+08:00,2025-01-01T23:00:00
S40,0.0,2025-01-01T23:00:00+08:00,2025-01-01T23:00:00
S84,0.0,2025-01-01T23:00:00+08:00,2025-01-01T23:00:00
S88,0.0,2025-01-01T23:00:00+08:00,2025-01-01T23:00:00
S43,0.0,2025-01-01T23:00:00+08:00,2025-01-01T23:00:00
S89,0.0,2025-01-01T23:00:00+08:00,2025-01-01T23:00:00
S06,0.0,2025-01-01T23:00:00+08:00,2025-01-01T23:00:00
S221,0.0,2025-01-01T23:00:00+08:00,2025-01-01T23:00:00
S222,0.0,2025-01-01T23:00:00+08:00,2025-01-01T23:00:00
S08,0.0,2025-01-01T23:00:00+08:00,2025-01-01T23:00:00
S07,0.0,2025-01-01T23:00:00+08:00,2025-01-01T23:00:00
S220,0.0,2025-01-01T23:00:00+08:00,2025-01-01T23:00:00
S207,0.0,2025-01-01T23:00:00+08:00,2025-01-01T23:00:00
S208,0.0,2025-01-01T23:00:00+08:00,2025-01-01T23:00:00
S203,0.0,2025-01-01T23:00:00+08:00,2025-01-01T23:00:00
S201,0.0,2025-01-01T23:00:00+08:00,2025-01-01T23:00:00
S90,0.0,2025-01-01T23:00:00+08:00,2025-01-01T23:00:00
S92,0.0,2025-01-01T23:00:00+08:00,2025-01-01T23:00:00
S209,0.0,2025-01-01T23:00:00+08:00,2025-01-01T23:00:00
S50,0.0,2025-01-01T23:00:00+08:00,2025-01-01T23:00:00
S94,0.0,2025-01-01T23:00:00+08:00,2025-01-01T23:00:00
S210,0.0,2025-01-01T23:00:00+08:00,2025-01-01T23:00:00
S211,0.0,2025-01-01T23:00:00+08:00,2025-01-01T23:00:00
S119,0.0,2025-01-01T23:00:00+08:00,2025-01-01T23:00:00
S117,0.0,2025-01-01T23:00:00+08:00,2025-01-01T23:00:00
S115,0.0,2025-01-01T23:00:00+08:00,2025-01-01T23:00:00
S116,0.0,2025-01-01T23:00:00+08:00,2025-01-01T23:00:00
S113,0.0,2025-01-01T23:00:00+08:00,2025-01-01T23:00:00
S60,0.0,2025-01-01T23:00:00+08:00,2025-01-01T23:00:00
S64,0.0,2025-01-01T23:00:00+08:00,2025-01-01T23:00:00
S66,0.0,2025-01-01T23:00:00+08:00,2025-01-01T23:00:00
S24,0.0,2025-01-01T23:00:00+08:00,2025-01-01T23:00:00
S69,0.0,2025-01-01T23:00:00+08:00,2025-01-01T23:00:00
S123,0.0,2025-01-01T23:00:00+08:00,2025-01-01T23:00:00
S29,0.0,2025-01-01T23:00:00+08:00,2025-01-01T23:00:00
S121,0.0,2025-01-01T23:00:00+08:00,2025-01-01T23:00:00
S229,0.0,2025-01-01T23:00:00+08:00,2025-01-01T23:00:00
S900,0.0,2025-01-01T23:00:00+08:00,2025-01-01T23:00:00
S109,0.0,2025-01-01T23:00:00+08:00,2025-01-01T23:00:00
S106,0.0,2025-01-01T23:00:00+08:00,2025-01-01T23:00:00
S227,0.0,2025-01-01T23:00:00+08:00,2025-01-01T23:00:00
S107,0.0,2025-01-01T23:00:00+08:00,2025-01-01T23:00:00
S228,0.0,2025-01-01T23:00:00+08:00,2025-01-01T23:00:00
S104,0.0,2025-01-01T23:00:00+08:00,2025-01-01T23:00:00
S226,0.0,2025-01-01T23:00:00+08:00,2025-01-01T23:00:00
S223,0.0,2025-01-01T23:00:00+08:00,2025-01-01T23:00:00
S224,0.0,2025-01-01T23:00:00+08:00,2025-01-01T23:00:00
S71,0.0,2025-01-01T23:00:00+08:00,2025-01-01T23:00:00
S33,0.0,2025-01-01T23:00:00+08:00,2025-01-01T23:00:00
S77,0.0,2025-01-01T23:00:00+08:00,2025-01-01T23:00:00
S35,0.0,2025-01-01T23:00:00+08:00,2025-01-01T23:00:00
S79,0.0,2025-01-01T23:00:00+08:00,2025-01-01T23:00:00
S78,0.0,2025-01-01T23:00:00+08:00,2025-01-01T23:00:00
S111,0.0,2025-01-01T23:00:00+08:00,2025-01-01T23:00:00
S112,0.0,2025-01-01T23:00:00+08:00,2025-01-01T23:00:00
S230,0.0,2025-01-01T23:00:00+08:00,2025-01-01T23:00:00
S218,0.0,2025-01-02T00:00:00+08:00,2025-01-02T00:00:00
S219,0.0,2025-01-02T00:00:00+08:00,2025-01-02T00:00:00
S216,0.0,2025-01-02T00:00:00+08:00,2025-01-02T00:00:00
S217,0.0,2025-01-02T00:00:00+08:00,2025-01-02T00:00:00
S214,0.0,2025-01-02T00:00:00+08:00,2025-01-02T00:00:00
S215,0.0,2025-01-02T00:00:00+08:00,2025-01-02T00:00:00
S213,0.0,2025-01-02T00:00:00+08:00,2025-01-02T00:00:00
S81,0.0,2025-01-02T00:00:00+08:00,2025-01-02T00:00:00
S40,0.0,2025-01-02T00:00:00+08:00,2025-01-02T00:00:00
S84,0.0,2025-01-02T00:00:00+08:00,2025-01-02T00:00:00
S88,0.0,2025-01-02T00:00:00+08:00,2025-01-02T00:00:00
S43,0.0,2025-01-02T00:00:00+08:00,2025-01-02T00:00:00
S89,0.0,2025-01-02T00:00:00+08:00,2025-01-02T00:00:00
S06,0.0,2025-01-02T00:00:00+08:00,2025-01-02T00:00:00
S221,0.0,2025-01-02T00:00:00+08:00,2025-01-02T00:00:00
S222,0.0,2025-01-02T00:00:00+08:00,2025-01-02T00:00:00
S08,0.0,2025-01-02T00:00:00+08:00,2025-01-02T00:00:00
S07,0.0,2025-01-02T00:00:00+08:00,2025-01-02T00:00:00
S220,0.0,2025-01-02T00:00:00+08:00,2025-01-02T00:00:00
S207,0.0,2025-01-02T00:00:00+08:00,2025-01-02T00:00:00
S208,0.0,2025-01-02T00:00:00+08:00,2025-01-02T00:00:00
S203,0.0,2025-01-02T00:00:00+08:00,2025-01-02T00:00:00
S201,0.0,2025-01-02T00:00:00+08:00,2025-01-02T00:00:00
S90,0.0,2025-01-02T00:00:00+08:00,2025-01-02T00:00:00
S92,0.0,2025-01-02T00:00:00+08:00,2025-01-02T00:00:00
S209,0.0,2025-01-02T00:00:00+08:00,2025-01-02T00:00:00
S50,0.0,2025-01-02T00:00:00+08:00,2025-01-02T00:00:00
S94,0.0,2025-01-02T00:00:00+08:00,2025-01-02T00:00:00
S210,0.0,2025-01-02T00:00:00+08:00,2025-01-02T00:00:00
S211,0.0,2025-01-02T00:00:00+08:00,2025-01-02T00:00:00
S119,0.0,2025-01-02T00:00:00+08:00,2025-01-02T00:00:00
S117,0.0,2025-01-02T00:00:00+08:00,2025-01-02T00:00:00
S115,0.0,2025-01-02T00:00:00+08:00,2025-01-02T00:00:00
S116,0.0,2025-01-02T00:00:00+08:00,2025-01-02T00:00:00
S113,0.0,2025-01-02T00:00:00+08:00,2025-01-02T00:00:00
S60,0.0,2025-01-02T00:00:00+08:00,2025-01-02T00:00:00
S64,0.0,2025-01-02T00:00:00+08:00,2025-01-02T00:00:00
S66,0.0,2025-01-02T00:00:00+08:00,2025-01-02T00:00:00
S24,0.0,2025-01-02T00:00:00+08:00,2025-01-02T00:00:00
S69,0.0,2025-01-02T00:00:00+08:00,2025-01-02T00:00:00
S123,0.0,2025-01-02T00:00:00+08:00,2025-01-02T00:00:00
S29,0.0,2025-01-02T00:00:00+08:00,2025-01-02T00:00:00
S121,0.0,2025-01-02T00:00:00+08:00,2025-01-02T00:00:00
S229,0.0,2025-01-02T00:00:00+08:00,2025-01-02T00:00:00
S900,0.0,2025-01-02T00:00:00+08:00,2025-01-02T00:00:00
S109,0.0,2025-01-02T00:00:00+08:00,2025-01-02T00:00:00
S106,0.0,2025-01-02T00:00:00+08:00,2025-01-02T00:00:00
S227,0.0,2025-01-02T00:00:00+08:00,2025-01-02T00:00:00
S107,0.0,2025-01-02T00:00:00+08:00,2025-01-02T00:00:00
S228,0.0,2025-01-02T00:00:00+08:00,2025-01-02T00:00:00
S104,0.0,2025-01-02T00:00:00+08:00,2025-01-02T00:00:00
S226,0.0,2025-01-02T00:00:00+08:00,2025-01-02T00:00:00
S223,0.0,2025-01-02T00:00:00+08:00,2025-01-02T00:00:00
S224,0.0,2025-01-02T00:00:00+08:00,2025-01-02T00:00:00
S71,0.0,2025-01-02T00:00:00+08:00,2025-01-02T00:00:00
S33,0.0,2025-01-02T00:00:00+08:00,2025-01-02T00:00:00
S77,0.0,2025-01-02T00:00:00+08:00,2025-01-02T00:00:00
S35,0.0,2025-01-02T00:00:00+08:00,2025-01-02T00:00:00
S79,0.0,2025-01-02T00:00:00+08:00,2025-01-02T00:00:00
S78,0.0,2025-01-02T00:00:00+08:00,2025-01-02T00:00:00
S111,0.0,2025-01-02T00:00:00+08:00,2025-01-02T00:00:00
S112,0.0,2025-01-02T00:00:00+08:00,2025-01-02T00:00:00
S230,0.0,2025-01-02T00:00:00+08:00,2025-01-02T00:00:00
S218,0.0,2025-01-02T01:00:00+08:00,2025-01-02T01:00:00
S219,0.0,2025-01-02T01:00:00+08:00,2025-01-02T01:00:00
S216,0.0,2025-01-02T01:00:00+08:00,2025-01-02T01:00:00
S217,0.0,2025-01-02T01:00:00+08:00,2025-01-02T01:00:00
S214,0.0,2025-01-02T01:00:00+08:00,2025-01-02T01:00:00
S215,0.0,2025-01-02T01:00:00+08:00,2025-01-02T01:00:00
S213,0.0,2025-01-02T01:00:00+08:00,2025-01-02T01:00:00
S81,0.0,2025-01-02T01:00:00+08:00,2025-01-02T01:00:00
S40,0.0,2025-01-02T01:00:00+08:00,2025-01-02T01:00:00
S84,0.0,2025-01-02T01:00:00+08:00,2025-01-02T01:00:00
S88,0.0,2025-01-02T01:00:00+08:00,2025-01-02T01:00:00
S43,0.0,2025-01-02T01:00:00+08:00,2025-01-02T01:00:00
S89,0.0,2025-01-02T01:00:00+08:00,2025-01-02T01:00:00
S06,0.0,2025-01-02T01:00:00+08:00,2025-01-02T01:00:00
S221,0.0,2025-01-02T01:00:00+08:00,2025-01-02T01:00:00
S222,0.0,2025-01-02T01:00:00+08:00,2025-01-02T01:00:00
S08,0.0,2025-01-02T01:00:00+08:00,2025-01-02T01:00:00
S07,0.0,2025-01-02T01:00:00+08:00,2025-01-02T01:00:00
S220,0.0,2025-01-02T01:00:00+08:00,2025-01-02T01:00:00
S207,0.0,2025-01-02T01:00:00+08:00,2025-01-02T01:00:00
S208,0.0,2025-01-02T01:00:00+08:00,2025-01-02T01:00:00
S203,0.0,2025-01-02T01:00:00+08:00,2025-01-02T01:00:00
S201,0.0,2025-01-02T01:00:00+08:00,2025-01-02T01:00:00
S90,0.0,2025-01-02T01:00:00+08:00,2025-01-02T01:00:00
S92,0.0,2025-01-02T01:00:00+08:00,2025-01-02T01:00:00
S209,0.0,2025-01-02T01:00:00+08:00,2025-01-02T01:00:00
S50,0.0,2025-01-02T01:00:00+08:00,2025-01-02T01:00:00
S94,0.0,2025-01-02T01:00:00+08:00,2025-01-02T01:00:00
S210,0.0,2025-01-02T01:00:00+08:00,2025-01-02T01:00:00
S211,0.0,2025-01-02T01:00:00+08:00,2025-01-02T01:00:00
S119,0.0,2025-01-02T01:00:00+08:00,2025-01-02T01:00:00
S117,0.0,2025-01-02T01:00:00+08:00,2025-01-02T01:00:00
S115,0.0,2025-01-02T01:00:00+08:00,2025-01-02T01:00:00
S116,0.0,2025-01-02T01:00:00+08:00,2025-01-02T01:00:00
S113,0.0,2025-01-02T01:00:00+08:00,2025-01-02T01:00:00
S60,0.0,2025-01-02T01:00:00+08:00,2025-01-02T01:00:00
S64,0.0,2025-01-02T01:00:00+08:00,2025-01-02T01:00:00
S66,0.0,2025-01-02T01:00:00+08:00,2025-01-02T01:00:00
S24,0.0,2025-01-02T01:00:00+08:00,2025-01-02T01:00:00
S69,0.0,2025-01-02T01:00:00+08:00,2025-01-02T01:00:00
S123,0.0,2025-01-02T01:00:00+08:00,2025-01-02T01:00:00
S29,0.0,2025-01-02T01:00:00+08:00,2025-01-02T01:00:00
S121,0.0,2025-01-02T01:00:00+08:00,2025-01-02T01:00:00
S229,0.0,2025-01-02T01:00:00+08:00,2025-01-02T01:00:00
S900,0.0,2025-01-02T01:00:00+08:00,2025-01-02T01:00:00
S109,0.0,2025-01-02T01:00:00+08:00,2025-01-02T01:00:00
S106,0.0,2025-01-02T01:00:00+08:00,2025-01-02T01:00:00
S227,0.0,2025-01-02T01:00:00+08:00,2025-01-02T01:00:00
S107,0.0,2025-01-02T01:00:00+08:00,2025-01-02T01:00:00
S228,0.0,2025-01-02T01:00:00+08:00,2025-01-02T01:00:00
S104,0.0,2025-01-02T01:00:00+08:00,2025-01-02T01:00:00
S226,0.0,2025-01-02T01:00:00+08:00,2025-01-02T01:00:00
S223,0.0,2025-01-02T01:00:00+08:00,2025-01-02T01:00:00
S224,0.0,2025-01-02T01:00:00+08:00,2025-01-02T01:00:00
S71,0.0,2025-01-02T01:00:00+08:00,2025-01-02T01:00:00
S33,0.0,2025-01-02T01:00:00+08:00,2025-01-02T01:00:00
S77,0.0,2025-01-02T01:00:00+08:00,2025-01-02T01:00:00
S35,0.0,2025-01-02T01:00:00+08:00,2025-01-02T01:00:00
S79,0.0,2025-01-02T01:00:00+08:00,2025-01-02T01:00:00
S78,0.0,2025-01-02T01:00:00+08:00,2025-01-02T01:00:00
S111,0.0,2025-01-02T01:00:00+08:00,2025-01-02T01:00:00
S112,0.0,2025-01-02T01:00:00+08:00,2025-01-02T01:00:00
S230,0.0,2025-01-02T01:00:00+08:00,2025-01-02T01:00:00
S218,0.0,2025-01-02T02:00:00+08:00,2025-01-02T02:00:00
S219,0.0,2025-01-02T02:00:00+08:00,2025-01-02T02:00:00
S216,0.0,2025-01-02T02:00:00+08:00,2025-01-02T02:00:00
S217,0.0,2025-01-02T02:00:00+08:00,2025-01-02T02:00:00
S214,0.0,2025-01-02T02:00:00+08:00,2025-01-02T02:00:00
S215,0.0,2025-01-02T02:00:00+08:00,2025-01-02T02:00:00
S213,0.0,2025-01-02T02:00:00+08:00,2025-01-02T02:00:00
S81,0.0,2025-01-02T02:00:00+08:00,2025-01-02T02:00:00
S40,0.0,2025-01-02T02:00:00+08:00,2025-01-02T02:00:00
S84,0.0,2025-01-02T02:00:00+08:00,2025-01-02T02:00:00
S88,0.0,2025-01-02T02:00:00+08:00,2025-01-02T02:00:00
S43,0.0,2025-01-02T02:00:00+08:00,2025-01-02T02:00:00
S89,0.0,2025-01-02T02:00:00+08:00,2025-01-02T02:00:00
S06,0.0,2025-01-02T02:00:00+08:00,2025-01-02T02:00:00
S221,0.0,2025-01-02T02:00:00+08:00,2025-01-02T02:00:00
S222,0.0,2025-01-02T02:00:00+08:00,2025-01-02T02:00:00
S08,0.0,2025-01-02T02:00:00+08:00,2025-01-02T02:00:00
S07,0.0,2025-01-02T02:00:00+08:00,2025-01-02T02:00:00
S220,0.0,2025-01-02T02:00:00+08:00,2025-01-02T02:00:00
S207,0.0,2025-01-02T02:00:00+08:00,2025-01-02T02:00:00
S208,0.0,2025-01-02T02:00:00+08:00,2025-01-02T02:00:00
S203,0.0,2025-01-02T02:00:00+08:00,2025-01-02T02:00:00
S201,0.0,2025-01-02T02:00:00+08:00,2025-01-02T02:00:00
S90,0.0,2025-01-02T02:00:00+08:00,2025-01-02T02:00:00
S92,0.0,2025-01-02T02:00:00+08:00,2025-01-02T02:00:00
S209,0.0,2025-01-02T02:00:00+08:00,2025-01-02T02:00:00
S50,0.0,2025-01-02T02:00:00+08:00,2025-01-02T02:00:00
S94,0.0,2025-01-02T02:00:00+08:00,2025-01-02T02:00:00
S210,0.0,2025-01-02T02:00:00+08:00,2025-01-02T02:00:00
S211,0.0,2025-01-02T02:00:00+08:00,2025-01-02T02:00:00
S119,0.0,2025-01-02T02:00:00+08:00,2025-01-02T02:00:00
S117,0.0,2025-01-02T02:00:00+08:00,2025-01-02T02:00:00
S115,0.0,2025-01-02T02:00:00+08:00,2025-01-02T02:00:00
S116,0.0,2025-01-02T02:00:00+08:00,2025-01-02T02:00:00
S113,0.0,2025-01-02T02:00:00+08:00,2025-01-02T02:00:00
S60,0.0,2025-01-02T02:00:00+08:00,2025-01-02T02:00:00
S64,0.0,2025-01-02T02:00:00+08:00,2025-01-02T02:00:00
S66,0.0,2025-01-02T02:00:00+08:00,2025-01-02T02:00:00
S24,0.0,2025-01-02T02:00:00+08:00,2025-01-02T02:00:00
S69,0.0,2025-01-02T02:00:00+08:00,2025-01-02T02:00:00
S123,0.0,2025-01-02T02:00:00+08:00,2025-01-02T02:00:00
S29,0.0,2025-01-02T02:00:00+08:00,2025-01-02T02:00:00
S121,0.0,2025-01-02T02:00:00+08:00,2025-01-02T02:00:00
S229,0.0,2025-01-02T02:00:00+08:00,2025-01-02T02:00:00
S900,0.0,2025-01-02T02:00:00+08:00,2025-01-02T02:00:00
S109,0.0,2025-01-02T02:00:00+08:00,2025-01-02T02:00:00
S106,0.0,2025-01-02T02:00:00+08:00,2025-01-02T02:00:00
S227,0.0,2025-01-02T02:00:00+08:00,2025-01-02T02:00:00
S107,0.0,2025-01-02T02:00:00+08:00,2025-01-02T02:00:00
S228,0.0,2025-01-02T02:00:00+08:00,2025-01-02T02:00:00
S104,0.0,2025-01-02T02:00:00+08:00,2025-01-02T02:00:00
S226,0.0,2025-01-02T02:00:00+08:00,2025-01-02T02:00:00
S223,0.0,2025-01-02T02:00:00+08:00,2025-01-02T02:00:00
S224,0.0,2025-01-02T02:00:00+08:00,2025-01-02T02:00:00
S71,0.0,2025-01-02T02:00:00+08:00,2025-01-02T02:00:00
S33,0.0,2025-01-02T02:00:00+08:00,2025-01-02T02:00:00
S77,0.0,2025-01-02T02:00:00+08:00,2025-01-02T02:00:00
S35,0.0,2025-01-02T02:00:00+08:00,2025-01-02T02:00:00
S79,0.0,2025-01-02T02:00:00+08:00,2025-01-02T02:00:00
S78,0.0,2025-01-02T02:00:00+08:00,2025-01-02T02:00:00
S111,0.0,2025-01-02T02:00:00+08:00,2025-01-02T02:00:00
S112,0.0,2025-01-02T02:00:00+08:00,2025-01-02T02:00:00
S230,0.0,2025-01-02T02:00:00+08:00,2025-01-02T02:00:00
S218,0.0,2025-01-02T03:00:00+08:00,2025-01-02T03:00:00
S219,0.0,2025-01-02T03:00:00+08:00,2025-01-02T03:00:00
S216,0.0,2025-01-02T03:00:00+08:00,2025-01-02T03:00:00
S217,0.0,2025-01-02T03:00:00+08:00,2025-01-02T03:00:00
S214,0.0,2025-01-02T03:00:00+08:00,2025-01-02T03:00:00
S215,0.0,2025-01-02T03:00:00+08:00,2025-01-02T03:00:00
S213,0.0,2025-01-02T03:00:00+08:00,2025-01-02T03:00:00
S81,0.0,2025-01-02T03:00:00+08:00,2025-01-02T03:00:00
S40,0.0,2025-01-02T03:00:00+08:00,2025-01-02T03:00:00
S84,0.0,2025-01-02T03:00:00+08:00,2025-01-02T03:00:00
S88,0.0,2025-01-02T03:00:00+08:00,2025-01-02T03:00:00
S43,0.0,2025-01-02T03:00:00+08:00,2025-01-02T03:00:00
S89,0.0,2025-01-02T03:00:00+08:00,2025-01-02T03:00:00
S06,0.0,2025-01-02T03:00:00+08:00,2025-01-02T03:00:00
S221,0.0,2025-01-02T03:00:00+08:00,2025-01-02T03:00:00
S222,0.0,2025-01-02T03:00:00+08:00,2025-01-02T03:00:00
S08,0.0,2025-01-02T03:00:00+08:00,2025-01-02T03:00:00
S07,0.0,2025-01-02T03:00:00+08:00,2025-01-02T03:00:00
S220,0.0,2025-01-02T03:00:00+08:00,2025-01-02T03:00:00
S207,0.0,2025-01-02T03:00:00+08:00,2025-01-02T03:00:00
S208,0.0,2025-01-02T03:00:00+08:00,2025-01-02T03:00:00
S203,0.0,2025-01-02T03:00:00+08:00,2025-01-02T03:00:00
S201,0.0,2025-01-02T03:00:00+08:00,2025-01-02T03:00:00
S90,0.0,2025-01-02T03:00:00+08:00,2025-01-02T03:00:00
S92,0.0,2025-01-02T03:00:00+08:00,2025-01-02T03:00:00
S209,0.0,2025-01-02T03:00:00+08:00,2025-01-02T03:00:00
S50,0.0,2025-01-02T03:00:00+08:00,2025-01-02T03:00:00
S94,0.0,2025-01-02T03:00:00+08:00,2025-01-02T03:00:00
S210,0.0,2025-01-02T03:00:00+08:00,2025-01-02T03:00:00
S211,0.0,2025-01-02T03:00:00+08:00,2025-01-02T03:00:00
S119,0.0,2025-01-02T03:00:00+08:00,2025-01-02T03:00:00
S117,0.0,2025-01-02T03:00:00+08:00,2025-01-02T03:00:00
S115,0.0,2025-01-02T03:00:00+08:00,2025-01-02T03:00:00
S116,0.0,2025-01-02T03:00:00+08:00,2025-01-02T03:00:00
S113,0.0,2025-01-02T03:00:00+08:00,2025-01-02T03:00:00
S60,0.0,2025-01-02T03:00:00+08:00,2025-01-02T03:00:00
S64,0.0,2025-01-02T03:00:00+08:00,2025-01-02T03:00:00
S66,0.0,2025-01-02T03:00:00+08:00,2025-01-02T03:00:00
S24,0.0,2025-01-02T03:00:00+08:00,2025-01-02T03:00:00
S69,0.0,2025-01-02T03:00:00+08:00,2025-01-02T03:00:00
S123,0.0,2025-01-02T03:00:00+08:00,2025-01-02T03:00:00
S29,0.0,2025-01-02T03:00:00+08:00,2025-01-02T03:00:00
S121,0.0,2025-01-02T03:00:00+08:00,2025-01-02T03:00:00
S229,0.0,2025-01-02T03:00:00+08:00,2025-01-02T03:00:00
S900,0.0,2025-01-02T03:00:00+08:00,2025-01-02T03:00:00
S109,0.0,2025-01-02T03:00:00+08:00,2025-01-02T03:00:00
S106,0.0,2025-01-02T03:00:00+08:00,2025-01-02T03:00:00
S227,0.0,2025-01-02T03:00:00+08:00,2025-01-02T03:00:00
S107,0.0,2025-01-02T03:00:00+08:00,2025-01-02T03:00:00
S228,0.0,2025-01-02T03:00:00+08:00,2025-01-02T03:00:00
S104,0.0,2025-01-02T03:00:00+08:00,2025-01-02T03:00:00
S226,0.0,2025-01-02T03:00:00+08:00,2025-01-02T03:00:00
S223,0.0,2025-01-02T03:00:00+08:00,2025-01-02T03:00:00
S224,0.0,2025-01-02T03:00:00+08:00,2025-01-02T03:00:00
S71,0.0,2025-01-02T03:00:00+08:00,2025-01-02T03:00:00
S33,0.0,2025-01-02T03:00:00+08:00,2025-01-02T03:00:00
S77,0.0,2025-01-02T03:00:00+08:00,2025-01-02T03:00:00
S35,0.0,2025-01-02T03:00:00+08:00,2025-01-02T03:00:00
S79,0.0,2025-01-02T03:00:00+08:00,2025-01-02T03:00:00
S78,0.0,2025-01-02T03:00:00+08:00,2025-01-02T03:00:00
S111,0.0,2025-01-02T03:00:00+08:00,2025-01-02T03:00:00
S112,0.0,2025-01-02T03:00:00+08:00,2025-01-02T03:00:00
S230,0.0,2025-01-02T03:00:00+08:00,2025-01-02T03:00:00
S218,0.0,2025-01-02T04:00:00+08:00,2025-01-02T04:00:00
S219,0.0,2025-01-02T04:00:00+08:00,2025-01-02T04:00:00
S216,0.0,2025-01-02T04:00:00+08:00,2025-01-02T04:00:00
S217,0.0,2025-01-02T04:00:00+08:00,2025-01-02T04:00:00
S214,0.0,2025-01-02T04:00:00+08:00,2025-01-02T04:00:00
S215,0.0,2025-01-02T04:00:00+08:00,2025-01-02T04:00:00
S213,0.0,2025-01-02T04:00:00+08:00,2025-01-02T04:00:00
S81,0.0,2025-01-02T04:00:00+08:00,2025-01-02T04:00:00
S40,0.0,2025-01-02T04:00:00+08:00,2025-01-02T04:00:00
S84,0.0,2025-01-02T04:00:00+08:00,2025-01-02T04:00:00
S88,0.0,2025-01-02T04:00:00+08:00,2025-01-02T04:00:00
S43,0.0,2025-01-02T04:00:00+08:00,2025-01-02T04:00:00
S89,0.0,2025-01-02T04:00:00+08:00,2025-01-02T04:00:00
S06,0.0,2025-01-02T04:00:00+08:00,2025-01-02T04:00:00
S221,0.0,2025-01-02T04:00:00+08:00,2025-01-02T04:00:00
S222,0.0,2025-01-02T04:00:00+08:00,2025-01-02T04:00:00
S08,0.0,2025-01-02T04:00:00+08:00,2025-01-02T04:00:00
S07,0.0,2025-01-02T04:00:00+08:00,2025-01-02T04:00:00
S220,0.0,2025-01-02T04:00:00+08:00,2025-01-02T04:00:00
S207,0.0,2025-01-02T04:00:00+08:00,2025-01-02T04:00:00
S208,0.0,2025-01-02T04:00:00+08:00,2025-01-02T04:00:00
S203,0.0,2025-01-02T04:00:00+08:00,2025-01-02T04:00:00
S201,0.0,2025-01-02T04:00:00+08:00,2025-01-02T04:00:00
S90,0.0,2025-01-02T04:00:00+08:00,2025-01-02T04:00:00
S92,0.0,2025-01-02T04:00:00+08:00,2025-01-02T04:00:00
S209,0.0,2025-01-02T04:00:00+08:00,2025-01-02T04:00:00
S50,0.0,2025-01-02T04:00:00+08:00,2025-01-02T04:00:00
S94,0.0,2025-01-02T04:00:00+08:00,2025-01-02T04:00:00
S210,0.0,2025-01-02T04:00:00+08:00,2025-01-02T04:00:00
S211,0.0,2025-01-02T04:00:00+08:00,2025-01-02T04:00:00
S119,0.0,2025-01-02T04:00:00+08:00,2025-01-02T04:00:00
S117,0.0,2025-01-02T04:00:00+08:00,2025-01-02T04:00:00
S115,0.0,2025-01-02T04:00:00+08:00,2025-01-02T04:00:00
S116,0.0,2025-01-02T04:00:00+08:00,2025-01-02T04:00:00
S113,0.0,2025-01-02T04:00:00+08:00,2025-01-02T04:00:00
S60,0.0,2025-01-02T04:00:00+08:00,2025-01-02T04:00:00
S64,0.0,2025-01-02T04:00:00+08:00,2025-01-02T04:00:00
S66,0.0,2025-01-02T04:00:00+08:00,2025-01-02T04:00:00
S24,0.0,2025-01-02T04:00:00+08:00,2025-01-02T04:00:00
S69,0.0,2025-01-02T04:00:00+08:00,2025-01-02T04:00:00
S123,0.0,2025-01-02T04:00:00+08:00,2025-01-02T04:00:00
S29,0.0,2025-01-02T04:00:00+08:00,2025-01-02T04:00:00
S121,0.0,2025-01-02T04:00:00+08:00,2025-01-02T04:00:00
S229,0.0,2025-01-02T04:00:00+08:00,2025-01-02T04:00:00
S900,0.0,2025-01-02T04:00:00+08:00,2025-01-02T04:00:00
S109,0.0,2025-01-02T04:00:00+08:00,2025-01-02T04:00:00
S106,0.0,2025-01-02T04:00:00+08:00,2025-01-02T04:00:00
S227,0.0,2025-01-02T04:00:00+08:00,2025-01-02T04:00:00
S107,0.0,2025-01-02T04:00:00+08:00,2025-01-02T04:00:00
S228,0.0,2025-01-02T04:00:00+08:00,2025-01-02T04:00:00
S104,0.0,2025-01-02T04:00:00+08:00,2025-01-02T04:00:00
S226,0.0,2025-01-02T04:00:00+08:00,2025-01-02T04:00:00
S223,0.0,2025-01-02T04:00:00+08:00,2025-01-02T04:00:00
S224,0.0,2025-01-02T04:00:00+08:00,2025-01-02T04:00:00
S71,0.0,2025-01-02T04:00:00+08:00,2025-01-02T04:00:00
S33,0.0,2025-01-02T04:00:00+08:00,2025-01-02T04:00:00
S77,0.0,2025-01-02T04:00:00+08:00,2025-01-02T04:00:00
S35,0.0,2025-01-02T04:00:00+08:00,2025-01-02T04:00:00
S79,0.0,2025-01-02T04:00:00+08:00,2025-01-02T04:00:00
S78,0.0,2025-01-02T04:00:00+08:00,2025-01-02T04:00:00
S111,0.0,2025-01-02T04:00:00+08:00,2025-01-02T04:00:00
S112,0.0,2025-01-02T04:00:00+08:00,2025-01-02T04:00:00
S230,0.0,2025-01-02T04:00:00+08:00,2025-01-02T04:00:00
S218,0.0,2025-01-02T05:00:00+08:00,2025-01-02T05:00:00
S219,0.0,2025-01-02T05:00:00+08:00,2025-01-02T05:00:00
S216,0.0,2025-01-02T05:00:00+08:00,2025-01-02T05:00:00
S217,0.0,2025-01-02T05:00:00+08:00,2025-01-02T05:00:00
S214,0.0,2025-01-02T05:00:00+08:00,2025-01-02T05:00:00
S215,0.0,2025-01-02T05:00:00+08:00,2025-01-02T05:00:00
S213,0.0,2025-01-02T05:00:00+08:00,2025-01-02T05:00:00
S81,0.0,2025-01-02T05:00:00+08:00,2025-01-02T05:00:00
S40,0.0,2025-01-02T05:00:00+08:00,2025-01-02T05:00:00
S84,0.0,2025-01-02T05:00:00+08:00,2025-01-02T05:00:00
S88,0.0,2025-01-02T05:00:00+08:00,2025-01-02T05:00:00
S43,0.0,2025-01-02T05:00:00+08:00,2025-01-02T05:00:00
S89,0.0,2025-01-02T05:00:00+08:00,2025-01-02T05:00:00
S06,0.0,2025-01-02T05:00:00+08:00,2025-01-02T05:00:00
S221,0.0,2025-01-02T05:00:00+08:00,2025-01-02T05:00:00
S222,0.0,2025-01-02T05:00:00+08:00,2025-01-02T05:00:00
S08,0.0,2025-01-02T05:00:00+08:00,2025-01-02T05:00:00
S07,0.0,2025-01-02T05:00:00+08:00,2025-01-02T05:00:00
S220,0.0,2025-01-02T05:00:00+08:00,2025-01-02T05:00:00
S207,0.0,2025-01-02T05:00:00+08:00,2025-01-02T05:00:00
S208,0.0,2025-01-02T05:00:00+08:00,2025-01-02T05:00:00
S203,0.0,2025-01-02T05:00:00+08:00,2025-01-02T05:00:00
S201,0.0,2025-01-02T05:00:00+08:00,2025-01-02T05:00:00
S90,0.0,2025-01-02T05:00:00+08:00,2025-01-02T05:00:00
S92,0.0,2025-01-02T05:00:00+08:00,2025-01-02T05:00:00
S209,0.0,2025-01-02T05:00:00+08:00,2025-01-02T05:00:00
S50,0.0,2025-01-02T05:00:00+08:00,2025-01-02T05:00:00
S94,0.0,2025-01-02T05:00:00+08:00,2025-01-02T05:00:00
S210,0.0,2025-01-02T05:00:00+08:00,2025-01-02T05:00:00
S211,0.0,2025-01-02T05:00:00+08:00,2025-01-02T05:00:00
S119,0.0,2025-01-02T05:00:00+08:00,2025-01-02T05:00:00
S117,0.0,2025-01-02T05:00:00+08:00,2025-01-02T05:00:00
S115,0.0,2025-01-02T05:00:00+08:00,2025-01-02T05:00:00
S116,0.0,2025-01-02T05:00:00+08:00,2025-01-02T05:00:00
S113,0.0,2025-01-02T05:00:00+08:00,2025-01-02T05:00:00
S60,0.0,2025-01-02T05:00:00+08:00,2025-01-02T05:00:00
S64,0.0,2025-01-02T05:00:00+08:00,2025-01-02T05:00:00
S66,0.0,2025-01-02T05:00:00+08:00,2025-01-02T05:00:00
S24,0.0,2025-01-02T05:00:00+08:00,2025-01-02T05:00:00
S69,0.0,2025-01-02T05:00:00+08:00,2025-01-02T05:00:00
S123,0.0,2025-01-02T05:00:00+08:00,2025-01-02T05:00:00
S29,0.0,2025-01-02T05:00:00+08:00,2025-01-02T05:00:00
S121,0.0,2025-01-02T05:00:00+08:00,2025-01-02T05:00:00
S229,0.0,2025-01-02T05:00:00+08:00,2025-01-02T05:00:00
S900,0.0,2025-01-02T05:00:00+08:00,2025-01-02T05:00:00
S109,0.0,2025-01-02T05:00:00+08:00,2025-01-02T05:00:00
S106,0.0,2025-01-02T05:00:00+08:00,2025-01-02T05:00:00
S227,0.0,2025-01-02T05:00:00+08:00,2025-01-02T05:00:00
S107,0.0,2025-01-02T05:00:00+08:00,2025-01-02T05:00:00
S228,0.0,2025-01-02T05:00:00+08:00,2025-01-02T05:00:00
S104,0.0,2025-01-02T05:00:00+08:00,2025-01-02T05:00:00
S226,0.0,2025-01-02T05:00:00+08:00,2025-01-02T05:00:00
S223,0.0,2025-01-02T05:00:00+08:00,2025-01-02T05:00:00
S224,0.0,2025-01-02T05:00:00+08:00,2025-01-02T05:00:00
S71,0.0,2025-01-02T05:00:00+08:00,2025-01-02T05:00:00
S33,0.0,2025-01-02T05:00:00+08:00,2025-01-02T05:00:00
S77,0.0,2025-01-02T05:00:00+08:00,2025-01-02T05:00:00
S35,0.0,2025-01-02T05:00:00+08:00,2025-01-02T05:00:00
S79,0.0,2025-01-02T05:00:00+08:00,2025-01-02T05:00:00
S78,0.0,2025-01-02T05:00:00+08:00,2025-01-02T05:00:00
S111,0.0,2025-01-02T05:00:00+08:00,2025-01-02T05:00:00
S112,0.0,2025-01-02T05:00:00+08:00,2025-01-02T05:00:00
S230,0.0,2025-01-02T05:00:00+08:00,2025-01-02T05:00:00
S218,0.0,2025-01-02T06:00:00+08:00,2025-01-02T06:00:00
S219,0.0,2025-01-02T06:00:00+08:00,2025-01-02T06:00:00
S216,0.0,2025-01-02T06:00:00+08:00,2025-01-02T06:00:00
S217,0.0,2025-01-02T06:00:00+08:00,2025-01-02T06:00:00
S214,0.0,2025-01-02T06:00:00+08:00,2025-01-02T06:00:00
S215,0.0,2025-01-02T06:00:00+08:00,2025-01-02T06:00:00
S213,0.0,2025-01-02T06:00:00+08:00,2025-01-02T06:00:00
S81,0.0,2025-01-02T06:00:00+08:00,2025-01-02T06:00:00
S40,0.0,2025-01-02T06:00:00+08:00,2025-01-02T06:00:00
S84,0.0,2025-01-02T06:00:00+08:00,2025-01-02T06:00:00
S88,0.0,2025-01-02T06:00:00+08:00,2025-01-02T06:00:00
S43,0.0,2025-01-02T06:00:00+08:00,2025-01-02T06:00:00
S89,0.0,2025-01-02T06:00:00+08:00,2025-01-02T06:00:00
S06,0.0,2025-01-02T06:00:00+08:00,2025-01-02T06:00:00
S221,0.0,2025-01-02T06:00:00+08:00,2025-01-02T06:00:00
S222,0.0,2025-01-02T06:00:00+08:00,2025-01-02T06:00:00
S08,0.0,2025-01-02T06:00:00+08:00,2025-01-02T06:00:00
S07,0.0,2025-01-02T06:00:00+08:00,2025-01-02T06:00:00
S220,0.0,2025-01-02T06:00:00+08:00,2025-01-02T06:00:00
S207,0.0,2025-01-02T06:00:00+08:00,2025-01-02T06:00:00
S208,0.0,2025-01-02T06:00:00+08:00,2025-01-02T06:00:00
S203,0.0,2025-01-02T06:00:00+08:00,2025-01-02T06:00:00
S201,0.0,2025-01-02T06:00:00+08:00,2025-01-02T06:00:00
S90,0.0,2025-01-02T06:00:00+08:00,2025-01-02T06:00:00
S92,0.0,2025-01-02T06:00:00+08:00,2025-01-02T06:00:00
S209,0.0,2025-01-02T06:00:00+08:00,2025-01-02T06:00:00
S50,0.0,2025-01-02T06:00:00+08:00,2025-01-02T06:00:00
S94,0.0,2025-01-02T06:00:00+08:00,2025-01-02T06:00:00
S210,0.0,2025-01-02T06:00:00+08:00,2025-01-02T06:00:00
S211,0.0,2025-01-02T06:00:00+08:00,2025-01-02T06:00:00
S119,0.0,2025-01-02T06:00:00+08:00,2025-01-02T06:00:00
S117,0.0,2025-01-02T06:00:00+08:00,2025-01-02T06:00:00
S115,0.0,2025-01-02T06:00:00+08:00,2025-01-02T06:00:00
S116,0.0,2025-01-02T06:00:00+08:00,2025-01-02T06:00:00
S113,0.0,2025-01-02T06:00:00+08:00,2025-01-02T06:00:00
S60,0.0,2025-01-02T06:00:00+08:00,2025-01-02T06:00:00
S64,0.0,2025-01-02T06:00:00+08:00,2025-01-02T06:00:00
S66,0.0,2025-01-02T06:00:00+08:00,2025-01-02T06:00:00
S24,0.0,2025-01-02T06:00:00+08:00,2025-01-02T06:00:00
S69,0.0,2025-01-02T06:00:00+08:00,2025-01-02T06:00:00
S123,0.0,2025-01-02T06:00:00+08:00,2025-01-02T06:00:00
S29,0.0,2025-01-02T06:00:00+08:00,2025-01-02T06:00:00
S121,0.0,2025-01-02T06:00:00+08:00,2025-01-02T06:00:00
S229,0.0,2025-01-02T06:00:00+08:00,2025-01-02T06:00:00
S900,0.0,2025-01-02T06:00:00+08:00,2025-01-02T06:00:00
S109,0.0,2025-01-02T06:00:00+08:00,2025-01-02T06:00:00
S106,0.0,2025-01-02T06:00:00+08:00,2025-01-02T06:00:00
S227,0.0,2025-01-02T06:00:00+08:00,2025-01-02T06:00:00
S107,0.0,2025-01-02T06:00:00+08:00,2025-01-02T06:00:00
S228,0.0,2025-01-02T06:00:00+08:00,2025-01-02T06:00:00
S104,0.0,2025-01-02T06:00:00+08:00,2025-01-02T06:00:00
S226,0.0,2025-01-02T06:00:00+08:00,2025-01-02T06:00:00
S223,0.0,2025-01-02T06:00:00+08:00,2025-01-02T06:00:00
S224,0.0,2025-01-02T06:00:00+08:00,2025-01-02T06:00:00
S71,0.0,2025-01-02T06:00:00+08:00,2025-01-02T06:00:00
S33,0.0,2025-01-02T06:00:00+08:00,2025-01-02T06:00:00
S77,0.0,2025-01-02T06:00:00+08:00,2025-01-02T06:00:00
S35,0.0,2025-01-02T06:00:00+08:00,2025-01-02T06:00:00
S79,0.0,2025-01-02T06:00:00+08:00,2025-01-02T06:00:00
S78,0.0,2025-01-02T06:00:00+08:00,2025-01-02T06:00:00
S111,0.0,2025-01-02T06:00:00+08:00,2025-01-02T06:00:00
S112,0.0,2025-01-02T06:00:00+08:00,2025-01-02T06:00:00
S230,0.0,2025-01-02T06:00:00+08:00,2025-01-02T06:00:00
S218,0.0,2025-01-02T07:00:00+08:00,2025-01-02T07:00:00
S219,0.0,2025-01-02T07:00:00+08:00,2025-01-02T07:00:00
S216,0.0,2025-01-02T07:00:00+08:00,2025-01-02T07:00:00
S217,0.0,2025-01-02T07:00:00+08:00,2025-01-02T07:00:00
S214,0.0,2025-01-02T07:00:00+08:00,2025-01-02T07:00:00
S215,0.0,2025-01-02T07:00:00+08:00,2025-01-02T07:00:00
S213,0.0,2025-01-02T07:00:00+08:00,2025-01-02T07:00:00
S81,0.0,2025-01-02T07:00:00+08:00,2025-01-02T07:00:00
S40,0.0,2025-01-02T07:00:00+08:00,2025-01-02T07:00:00
S84,0.0,2025-01-02T07:00:00+08:00,2025-01-02T07:00:00
S88,0.0,2025-01-02T07:00:00+08:00,2025-01-02T07:00:00
S43,0.0,2025-01-02T07:00:00+08:00,2025-01-02T07:00:00
S89,0.0,2025-01-02T07:00:00+08:00,2025-01-02T07:00:00
S06,0.0,2025-01-02T07:00:00+08:00,2025-01-02T07:00:00
S221,0.0,2025-01-02T07:00:00+08:00,2025-01-02T07:00:00
S222,0.0,2025-01-02T07:00:00+08:00,2025-01-02T07:00:00
S08,0.0,2025-01-02T07:00:00+08:00,2025-01-02T07:00:00
S07,0.0,2025-01-02T07:00:00+08:00,2025-01-02T07:00:00
S220,0.0,2025-01-02T07:00:00+08:00,2025-01-02T07:00:00
S207,0.0,2025-01-02T07:00:00+08:00,2025-01-02T07:00:00
S208,0.0,2025-01-02T07:00:00+08:00,2025-01-02T07:00:00
S203,0.0,2025-01-02T07:00:00+08:00,2025-01-02T07:00:00
S201,0.0,2025-01-02T07:00:00+08:00,2025-01-02T07:00:00
S90,0.0,2025-01-02T07:00:00+08:00,2025-01-02T07:00:00
S92,0.0,2025-01-02T07:00:00+08:00,2025-01-02T07:00:00
S209,0.0,2025-01-02T07:00:00+08:00,2025-01-02T07:00:00
S50,0.0,2025-01-02T07:00:00+08:00,2025-01-02T07:00:00
S94,0.0,2025-01-02T07:00:00+08:00,2025-01-02T07:00:00
S210,0.0,2025-01-02T07:00:00+08:00,2025-01-02T07:00:00
S211,0.0,2025-01-02T07:00:00+08:00,2025-01-02T07:00:00
S119,0.0,2025-01-02T07:00:00+08:00,2025-01-02T07:00:00
S117,0.0,2025-01-02T07:00:00+08:00,2025-01-02T07:00:00
S115,0.0,2025-01-02T07:00:00+08:00,2025-01-02T07:00:00
S116,0.0,2025-01-02T07:00:00+08:00,2025-01-02T07:00:00
S113,0.0,2025-01-02T07:00:00+08:00,2025-01-02T07:00:00
S60,0.0,2025-01-02T07:00:00+08:00,2025-01-02T07:00:00
S64,0.0,2025-01-02T07:00:00+08:00,2025-01-02T07:00:00
S66,0.0,2025-01-02T07:00:00+08:00,2025-01-02T07:00:00
S24,0.0,2025-01-02T07:00:00+08:00,2025-01-02T07:00:00
S69,0.0,2025-01-02T07:00:00+08:00,2025-01-02T07:00:00
S123,0.0,2025-01-02T07:00:00+08:00,2025-01-02T07:00:00
S29,0.0,2025-01-02T07:00:00+08:00,2025-01-02T07:00:00
S121,0.0,2025-01-02T07:00:00+08:00,2025-01-02T07:00:00
S229,0.0,2025-01-02T07:00:00+08:00,2025-01-02T07:00:00
S900,0.0,2025-01-02T07:00:00+08:00,2025-01-02T07:00:00
S109,0.0,2025-01-02T07:00:00+08:00,2025-01-02T07:00:00
S106,0.0,2025-01-02T07:00:00+08:00,2025-01-02T07:00:00
S227,0.0,2025-01-02T07:00:00+08:00,2025-01-02T07:00:00
S107,0.0,2025-01-02T07:00:00+08:00,2025-01-02T07:00:00
S228,0.0,2025-01-02T07:00:00+08:00,2025-01-02T07:00:00
S104,0.0,2025-01-02T07:00:00+08:00,2025-01-02T07:00:00
S226,0.0,2025-01-02T07:00:00+08:00,2025-01-02T07:00:00
S223,0.0,2025-01-02T07:00:00+08:00,2025-01-02T07:00:00
S224,0.0,2025-01-02T07:00:00+08:00,2025-01-02T07:00:00
S71,0.0,2025-01-02T07:00:00+08:00,2025-01-02T07:00:00
S33,0.0,2025-01-02T07:00:00+08:00,2025-01-02T07:00:00
S77,0.0,2025-01-02T07:00:00+08:00,2025-01-02T07:00:00
S35,0.0,2025-01-02T07:00:00+08:00,2025-01-02T07:00:00
S79,0.0,2025-01-02T07:00:00+08:00,2025-01-02T07:00:00
S78,0.0,2025-01-02T07:00:00+08:00,2025-01-02T07:00:00
S111,0.0,2025-01-02T07:00:00+08:00,2025-01-02T07:00:00
S112,0.0,2025-01-02T07:00:00+08:00,2025-01-02T07:00:00
S230,0.0,2025-01-02T07:00:00+08:00,2025-01-02T07:00:00
S218,0.0,2025-01-02T09:00:00+08:00,2025-01-02T09:00:00
S219,0.0,2025-01-02T09:00:00+08:00,2025-01-02T09:00:00
S216,0.0,2025-01-02T09:00:00+08:00,2025-01-02T09:00:00
S217,0.0,2025-01-02T09:00:00+08:00,2025-01-02T09:00:00
S214,0.0,2025-01-02T09:00:00+08:00,2025-01-02T09:00:00
S215,0.0,2025-01-02T09:00:00+08:00,2025-01-02T09:00:00
S213,0.0,2025-01-02T09:00:00+08:00,2025-01-02T09:00:00
S81,0.0,2025-01-02T09:00:00+08:00,2025-01-02T09:00:00
S40,0.0,2025-01-02T09:00:00+08:00,2025-01-02T09:00:00
S84,0.0,2025-01-02T09:00:00+08:00,2025-01-02T09:00:00
S88,0.0,2025-01-02T09:00:00+08:00,2025-01-02T09:00:00
S43,0.0,2025-01-02T09:00:00+08:00,2025-01-02T09:00:00
S89,0.0,2025-01-02T09:00:00+08:00,2025-01-02T09:00:00
S06,0.0,2025-01-02T09:00:00+08:00,2025-01-02T09:00:00
S221,0.0,2025-01-02T09:00:00+08:00,2025-01-02T09:00:00
S222,0.0,2025-01-02T09:00:00+08:00,2025-01-02T09:00:00
S08,0.0,2025-01-02T09:00:00+08:00,2025-01-02T09:00:00
S07,0.0,2025-01-02T09:00:00+08:00,2025-01-02T09:00:00
S220,0.0,2025-01-02T09:00:00+08:00,2025-01-02T09:00:00
S207,0.0,2025-01-02T09:00:00+08:00,2025-01-02T09:00:00
S208,0.0,2025-01-02T09:00:00+08:00,2025-01-02T09:00:00
S203,0.0,2025-01-02T09:00:00+08:00,2025-01-02T09:00:00
S201,0.0,2025-01-02T09:00:00+08:00,2025-01-02T09:00:00
S90,0.0,2025-01-02T09:00:00+08:00,2025-01-02T09:00:00
S92,0.0,2025-01-02T09:00:00+08:00,2025-01-02T09:00:00
S209,0.0,2025-01-02T09:00:00+08:00,2025-01-02T09:00:00
S50,0.0,2025-01-02T09:00:00+08:00,2025-01-02T09:00:00
S94,0.0,2025-01-02T09:00:00+08:00,2025-01-02T09:00:00
S210,0.0,2025-01-02T09:00:00+08:00,2025-01-02T09:00:00
S211,0.0,2025-01-02T09:00:00+08:00,2025-01-02T09:00:00
S119,0.0,2025-01-02T09:00:00+08:00,2025-01-02T09:00:00
S117,0.0,2025-01-02T09:00:00+08:00,2025-01-02T09:00:00
S115,0.0,2025-01-02T09:00:00+08:00,2025-01-02T09:00:00
S116,0.0,2025-01-02T09:00:00+08:00,2025-01-02T09:00:00
S113,0.0,2025-01-02T09:00:00+08:00,2025-01-02T09:00:00
S60,0.0,2025-01-02T09:00:00+08:00,2025-01-02T09:00:00
S64,0.0,2025-01-02T09:00:00+08:00,2025-01-02T09:00:00
S66,0.0,2025-01-02T09:00:00+08:00,2025-01-02T09:00:00
S24,0.0,2025-01-02T09:00:00+08:00,2025-01-02T09:00:00
S69,0.0,2025-01-02T09:00:00+08:00,2025-01-02T09:00:00
S123,0.0,2025-01-02T09:00:00+08:00,2025-01-02T09:00:00
S29,0.0,2025-01-02T09:00:00+08:00,2025-01-02T09:00:00
S121,0.0,2025-01-02T09:00:00+08:00,2025-01-02T09:00:00
S229,0.0,2025-01-02T09:00:00+08:00,2025-01-02T09:00:00
S900,0.0,2025-01-02T09:00:00+08:00,2025-01-02T09:00:00
S109,0.0,2025-01-02T09:00:00+08:00,2025-01-02T09:00:00
S106,0.0,2025-01-02T09:00:00+08:00,2025-01-02T09:00:00
S227,0.0,2025-01-02T09:00:00+08:00,2025-01-02T09:00:00
S107,0.0,2025-01-02T09:00:00+08:00,2025-01-02T09:00:00
S228,0.0,2025-01-02T09:00:00+08:00,2025-01-02T09:00:00
S104,0.0,2025-01-02T09:00:00+08:00,2025-01-02T09:00:00
S226,0.0,2025-01-02T09:00:00+08:00,2025-01-02T09:00:00
S223,0.0,2025-01-02T09:00:00+08:00,2025-01-02T09:00:00
S224,0.0,2025-01-02T09:00:00+08:00,2025-01-02T09:00:00
S71,0.0,2025-01-02T09:00:00+08:00,2025-01-02T09:00:00
S33,0.0,2025-01-02T09:00:00+08:00,2025-01-02T09:00:00
S77,0.0,2025-01-02T09:00:00+08:00,2025-01-02T09:00:00
S35,0.0,2025-01-02T09:00:00+08:00,2025-01-02T09:00:00
S79,0.0,2025-01-02T09:00:00+08:00,2025-01-02T09:00:00
S78,0.0,2025-01-02T09:00:00+08:00,2025-01-02T09:00:00
S111,0.0,2025-01-02T09:00:00+08:00,2025-01-02T09:00:00
S112,0.0,2025-01-02T09:00:00+08:00,2025-01-02T09:00:00
S230,0.0,2025-01-02T09:00:00+08:00,2025-01-02T09:00:00
S218,0.0,2025-01-02T12:00:00+08:00,2025-01-02T12:00:00
S219,0.0,2025-01-02T12:00:00+08:00,2025-01-02T12:00:00
S216,0.0,2025-01-02T12:00:00+08:00,2025-01-02T12:00:00
S217,0.0,2025-01-02T12:00:00+08:00,2025-01-02T12:00:00
S214,0.0,2025-01-02T12:00:00+08:00,2025-01-02T12:00:00
S215,0.0,2025-01-02T12:00:00+08:00,2025-01-02T12:00:00
S213,0.0,2025-01-02T12:00:00+08:00,2025-01-02T12:00:00
S81,0.0,2025-01-02T12:00:00+08:00,2025-01-02T12:00:00
S40,0.0,2025-01-02T12:00:00+08:00,2025-01-02T12:00:00
S84,0.0,2025-01-02T12:00:00+08:00,2025-01-02T12:00:00
S88,0.0,2025-01-02T12:00:00+08:00,2025-01-02T12:00:00
S43,0.0,2025-01-02T12:00:00+08:00,2025-01-02T12:00:00
S89,0.0,2025-01-02T12:00:00+08:00,2025-01-02T12:00:00
S06,0.0,2025-01-02T12:00:00+08:00,2025-01-02T12:00:00
S221,0.0,2025-01-02T12:00:00+08:00,2025-01-02T12:00:00
S222,0.0,2025-01-02T12:00:00+08:00,2025-01-02T12:00:00
S08,0.0,2025-01-02T12:00:00+08:00,2025-01-02T12:00:00
S07,0.0,2025-01-02T12:00:00+08:00,2025-01-02T12:00:00
S220,0.0,2025-01-02T12:00:00+08:00,2025-01-02T12:00:00
S207,0.0,2025-01-02T12:00:00+08:00,2025-01-02T12:00:00
S208,0.0,2025-01-02T12:00:00+08:00,2025-01-02T12:00:00
S203,0.0,2025-01-02T12:00:00+08:00,2025-01-02T12:00:00
S201,0.0,2025-01-02T12:00:00+08:00,2025-01-02T12:00:00
S90,0.0,2025-01-02T12:00:00+08:00,2025-01-02T12:00:00
S92,0.0,2025-01-02T12:00:00+08:00,2025-01-02T12:00:00
S209,0.0,2025-01-02T12:00:00+08:00,2025-01-02T12:00:00
S50,0.0,2025-01-02T12:00:00+08:00,2025-01-02T12:00:00
S94,0.0,2025-01-02T12:00:00+08:00,2025-01-02T12:00:00
S210,0.0,2025-01-02T12:00:00+08:00,2025-01-02T12:00:00
S211,0.0,2025-01-02T12:00:00+08:00,2025-01-02T12:00:00
S119,0.0,2025-01-02T12:00:00+08:00,2025-01-02T12:00:00
S117,0.0,2025-01-02T12:00:00+08:00,2025-01-02T12:00:00
S115,0.0,2025-01-02T12:00:00+08:00,2025-01-02T12:00:00
S116,0.0,2025-01-02T12:00:00+08:00,2025-01-02T12:00:00
S113,0.0,2025-01-02T12:00:00+08:00,2025-01-02T12:00:00
S60,0.0,2025-01-02T12:00:00+08:00,2025-01-02T12:00:00
S64,0.0,2025-01-02T12:00:00+08:00,2025-01-02T12:00:00
S66,0.0,2025-01-02T12:00:00+08:00,2025-01-02T12:00:00
S24,0.0,2025-01-02T12:00:00+08:00,2025-01-02T12:00:00
S69,0.0,2025-01-02T12:00:00+08:00,2025-01-02T12:00:00
S123,0.0,2025-01-02T12:00:00+08:00,2025-01-02T12:00:00
S29,0.0,2025-01-02T12:00:00+08:00,2025-01-02T12:00:00
S121,0.0,2025-01-02T12:00:00+08:00,2025-01-02T12:00:00
S229,0.0,2025-01-02T12:00:00+08:00,2025-01-02T12:00:00
S900,0.0,2025-01-02T12:00:00+08:00,2025-01-02T12:00:00
S109,0.0,2025-01-02T12:00:00+08:00,2025-01-02T12:00:00
S106,0.0,2025-01-02T12:00:00+08:00,2025-01-02T12:00:00
S227,0.0,2025-01-02T12:00:00+08:00,2025-01-02T12:00:00
S107,0.0,2025-01-02T12:00:00+08:00,2025-01-02T12:00:00
S228,0.0,2025-01-02T12:00:00+08:00,2025-01-02T12:00:00
S104,0.0,2025-01-02T12:00:00+08:00,2025-01-02T12:00:00
S226,0.0,2025-01-02T12:00:00+08:00,2025-01-02T12:00:00
S223,0.0,2025-01-02T12:00:00+08:00,2025-01-02T12:00:00
S224,0.0,2025-01-02T12:00:00+08:00,2025-01-02T12:00:00
S71,0.0,2025-01-02T12:00:00+08:00,2025-01-02T12:00:00
S33,0.0,2025-01-02T12:00:00+08:00,2025-01-02T12:00:00
S77,0.0,2025-01-02T12:00:00+08:00,2025-01-02T12:00:00
S35,0.0,2025-01-02T12:00:00+08:00,2025-01-02T12:00:00
S79,0.0,2025-01-02T12:00:00+08:00,2025-01-02T12:00:00
S78,0.0,2025-01-02T12:00:00+08:00,2025-01-02T12:00:00
S111,0.0,2025-01-02T12:00:00+08:00,2025-01-02T12:00:00
S112,0.0,2025-01-02T12:00:00+08:00,2025-01-02T12:00:00
S230,0.0,2025-01-02T12:00:00+08:00,2025-01-02T12:00:00
S218,0.0,2025-01-02T13:00:00+08:00,2025-01-02T13:00:00
S219,0.0,2025-01-02T13:00:00+08:00,2025-01-02T13:00:00
S216,0.0,2025-01-02T13:00:00+08:00,2025-01-02T13:00:00
S217,0.0,2025-01-02T13:00:00+08:00,2025-01-02T13:00:00
S214,0.0,2025-01-02T13:00:00+08:00,2025-01-02T13:00:00
S215,0.0,2025-01-02T13:00:00+08:00,2025-01-02T13:00:00
S213,0.0,2025-01-02T13:00:00+08:00,2025-01-02T13:00:00
S81,0.0,2025-01-02T13:00:00+08:00,2025-01-02T13:00:00
S40,0.0,2025-01-02T13:00:00+08:00,2025-01-02T13:00:00
S84,0.0,2025-01-02T13:00:00+08:00,2025-01-02T13:00:00
S88,0.0,2025-01-02T13:00:00+08:00,2025-01-02T13:00:00
S43,0.0,2025-01-02T13:00:00+08:00,2025-01-02T13:00:00
S89,0.0,2025-01-02T13:00:00+08:00,2025-01-02T13:00:00
S06,0.0,2025-01-02T13:00:00+08:00,2025-01-02T13:00:00
S221,0.0,2025-01-02T13:00:00+08:00,2025-01-02T13:00:00
S222,0.0,2025-01-02T13:00:00+08:00,2025-01-02T13:00:00
S08,0.0,2025-01-02T13:00:00+08:00,2025-01-02T13:00:00
S07,0.0,2025-01-02T13:00:00+08:00,2025-01-02T13:00:00
S220,0.0,2025-01-02T13:00:00+08:00,2025-01-02T13:00:00
S207,0.0,2025-01-02T13:00:00+08:00,2025-01-02T13:00:00
S208,0.0,2025-01-02T13:00:00+08:00,2025-01-02T13:00:00
S203,0.0,2025-01-02T13:00:00+08:00,2025-01-02T13:00:00
S201,0.0,2025-01-02T13:00:00+08:00,2025-01-02T13:00:00
S90,0.0,2025-01-02T13:00:00+08:00,2025-01-02T13:00:00
S92,0.0,2025-01-02T13:00:00+08:00,2025-01-02T13:00:00
S209,0.0,2025-01-02T13:00:00+08:00,2025-01-02T13:00:00
S50,0.0,2025-01-02T13:00:00+08:00,2025-01-02T13:00:00
S94,0.0,2025-01-02T13:00:00+08:00,2025-01-02T13:00:00
S210,0.0,2025-01-02T13:00:00+08:00,2025-01-02T13:00:00
S211,0.0,2025-01-02T13:00:00+08:00,2025-01-02T13:00:00
S119,0.0,2025-01-02T13:00:00+08:00,2025-01-02T13:00:00
S117,0.0,2025-01-02T13:00:00+08:00,2025-01-02T13:00:00
S115,0.0,2025-01-02T13:00:00+08:00,2025-01-02T13:00:00
S116,0.0,2025-01-02T13:00:00+08:00,2025-01-02T13:00:00
S113,0.0,2025-01-02T13:00:00+08:00,2025-01-02T13:00:00
S60,0.0,2025-01-02T13:00:00+08:00,2025-01-02T13:00:00
S64,0.0,2025-01-02T13:00:00+08:00,2025-01-02T13:00:00
S66,0.0,2025-01-02T13:00:00+08:00,2025-01-02T13:00:00
S24,0.0,2025-01-02T13:00:00+08:00,2025-01-02T13:00:00
S69,0.0,2025-01-02T13:00:00+08:00,2025-01-02T13:00:00
S123,0.0,2025-01-02T13:00:00+08:00,2025-01-02T13:00:00
S29,0.0,2025-01-02T13:00:00+08:00,2025-01-02T13:00:00
S121,0.0,2025-01-02T13:00:00+08:00,2025-01-02T13:00:00
S229,0.0,2025-01-02T13:00:00+08:00,2025-01-02T13:00:00
S900,0.0,2025-01-02T13:00:00+08:00,2025-01-02T13:00:00
S109,0.0,2025-01-02T13:00:00+08:00,2025-01-02T13:00:00
S106,0.0,2025-01-02T13:00:00+08:00,2025-01-02T13:00:00
S227,0.0,2025-01-02T13:00:00+08:00,2025-01-02T13:00:00
S107,0.0,2025-01-02T13:00:00+08:00,2025-01-02T13:00:00
S228,0.0,2025-01-02T13:00:00+08:00,2025-01-02T13:00:00
S104,0.0,2025-01-02T13:00:00+08:00,2025-01-02T13:00:00
S226,0.0,2025-01-02T13:00:00+08:00,2025-01-02T13:00:00
S223,0.0,2025-01-02T13:00:00+08:00,2025-01-02T13:00:00
S224,0.0,2025-01-02T13:00:00+08:00,2025-01-02T13:00:00
S71,0.0,2025-01-02T13:00:00+08:00,2025-01-02T13:00:00
S33,0.0,2025-01-02T13:00:00+08:00,2025-01-02T13:00:00
S77,0.0,2025-01-02T13:00:00+08:00,2025-01-02T13:00:00
S35,0.0,2025-01-02T13:00:00+08:00,2025-01-02T13:00:00
S79,0.0,2025-01-02T13:00:00+08:00,2025-01-02T13:00:00
S78,0.0,2025-01-02T13:00:00+08:00,2025-01-02T13:00:00
S111,0.0,2025-01-02T13:00:00+08:00,2025-01-02T13:00:00
S112,0.2,2025-01-02T13:00:00+08:00,2025-01-02T13:00:00
S230,0.0,2025-01-02T13:00:00+08:00,2025-01-02T13:00:00
S218,0.0,2025-01-02T14:00:00+08:00,2025-01-02T14:00:00
S219,0.0,2025-01-02T14:00:00+08:00,2025-01-02T14:00:00
S216,0.0,2025-01-02T14:00:00+08:00,2025-01-02T14:00:00
S217,0.0,2025-01-02T14:00:00+08:00,2025-01-02T14:00:00
S214,0.0,2025-01-02T14:00:00+08:00,2025-01-02T14:00:00
S215,0.0,2025-01-02T14:00:00+08:00,2025-01-02T14:00:00
S213,0.0,2025-01-02T14:00:00+08:00,2025-01-02T14:00:00
S81,0.0,2025-01-02T14:00:00+08:00,2025-01-02T14:00:00
S40,0.0,2025-01-02T14:00:00+08:00,2025-01-02T14:00:00
S84,0.0,2025-01-02T14:00:00+08:00,2025-01-02T14:00:00
S88,0.0,2025-01-02T14:00:00+08:00,2025-01-02T14:00:00
S43,0.0,2025-01-02T14:00:00+08:00,2025-01-02T14:00:00
S89,0.0,2025-01-02T14:00:00+08:00,2025-01-02T14:00:00
S06,0.0,2025-01-02T14:00:00+08:00,2025-01-02T14:00:00
S221,0.0,2025-01-02T14:00:00+08:00,2025-01-02T14:00:00
S222,0.0,2025-01-02T14:00:00+08:00,2025-01-02T14:00:00
S08,0.2,2025-01-02T14:00:00+08:00,2025-01-02T14:00:00
S07,0.0,2025-01-02T14:00:00+08:00,2025-01-02T14:00:00
S220,0.0,2025-01-02T14:00:00+08:00,2025-01-02T14:00:00
S207,0.0,2025-01-02T14:00:00+08:00,2025-01-02T14:00:00
S208,0.0,2025-01-02T14:00:00+08:00,2025-01-02T14:00:00
S203,0.0,2025-01-02T14:00:00+08:00,2025-01-02T14:00:00
S201,0.0,2025-01-02T14:00:00+08:00,2025-01-02T14:00:00
S90,0.0,2025-01-02T14:00:00+08:00,2025-01-02T14:00:00
S92,0.0,2025-01-02T14:00:00+08:00,2025-01-02T14:00:00
S209,0.0,2025-01-02T14:00:00+08:00,2025-01-02T14:00:00
S50,0.0,2025-01-02T14:00:00+08:00,2025-01-02T14:00:00
S94,0.0,2025-01-02T14:00:00+08:00,2025-01-02T14:00:00
S210,0.0,2025-01-02T14:00:00+08:00,2025-01-02T14:00:00
S211,0.0,2025-01-02T14:00:00+08:00,2025-01-02T14:00:00
S119,0.0,2025-01-02T14:00:00+08:00,2025-01-02T14:00:00
S117,0.0,2025-01-02T14:00:00+08:00,2025-01-02T14:00:00
S115,0.0,2025-01-02T14:00:00+08:00,2025-01-02T14:00:00
S116,0.0,2025-01-02T14:00:00+08:00,2025-01-02T14:00:00
S113,0.0,2025-01-02T14:00:00+08:00,2025-01-02T14:00:00
S60,0.0,2025-01-02T14:00:00+08:00,2025-01-02T14:00:00
S64,0.0,2025-01-02T14:00:00+08:00,2025-01-02T14:00:00
S66,0.0,2025-01-02T14:00:00+08:00,2025-01-02T14:00:00
S24,0.0,2025-01-02T14:00:00+08:00,2025-01-02T14:00:00
S69,0.0,2025-01-02T14:00:00+08:00,2025-01-02T14:00:00
S123,0.0,2025-01-02T14:00:00+08:00,2025-01-02T14:00:00
S29,0.0,2025-01-02T14:00:00+08:00,2025-01-02T14:00:00
S121,0.0,2025-01-02T14:00:00+08:00,2025-01-02T14:00:00
S229,0.0,2025-01-02T14:00:00+08:00,2025-01-02T14:00:00
S900,0.0,2025-01-02T14:00:00+08:00,2025-01-02T14:00:00
S109,0.0,2025-01-02T14:00:00+08:00,2025-01-02T14:00:00
S106,0.0,2025-01-02T14:00:00+08:00,2025-01-02T14:00:00
S227,0.0,2025-01-02T14:00:00+08:00,2025-01-02T14:00:00
S107,0.0,2025-01-02T14:00:00+08:00,2025-01-02T14:00:00
S228,0.0,2025-01-02T14:00:00+08:00,2025-01-02T14:00:00
S104,0.0,2025-01-02T14:00:00+08:00,2025-01-02T14:00:00
S226,0.0,2025-01-02T14:00:00+08:00,2025-01-02T14:00:00
S223,0.0,2025-01-02T14:00:00+08:00,2025-01-02T14:00:00
S224,0.0,2025-01-02T14:00:00+08:00,2025-01-02T14:00:00
S71,0.0,2025-01-02T14:00:00+08:00,2025-01-02T14:00:00
S33,0.0,2025-01-02T14:00:00+08:00,2025-01-02T14:00:00
S77,0.0,2025-01-02T14:00:00+08:00,2025-01-02T14:00:00
S35,0.0,2025-01-02T14:00:00+08:00,2025-01-02T14:00:00
S79,0.0,2025-01-02T14:00:00+08:00,2025-01-02T14:00:00
S78,0.0,2025-01-02T14:00:00+08:00,2025-01-02T14:00:00
S111,0.0,2025-01-02T14:00:00+08:00,2025-01-02T14:00:00
S112,0.0,2025-01-02T14:00:00+08:00,2025-01-02T14:00:00
S230,0.0,2025-01-02T14:00:00+08:00,2025-01-02T14:00:00
S218,0.0,2025-01-02T15:00:00+08:00,2025-01-02T15:00:00
S219,0.0,2025-01-02T15:00:00+08:00,2025-01-02T15:00:00
S216,0.0,2025-01-02T15:00:00+08:00,2025-01-02T15:00:00
S217,0.0,2025-01-02T15:00:00+08:00,2025-01-02T15:00:00
S214,0.0,2025-01-02T15:00:00+08:00,2025-01-02T15:00:00
S215,0.0,2025-01-02T15:00:00+08:00,2025-01-02T15:00:00
S213,0.0,2025-01-02T15:00:00+08:00,2025-01-02T15:00:00
S81,0.0,2025-01-02T15:00:00+08:00,2025-01-02T15:00:00
S40,0.0,2025-01-02T15:00:00+08:00,2025-01-02T15:00:00
S84,0.0,2025-01-02T15:00:00+08:00,2025-01-02T15:00:00
S88,0.0,2025-01-02T15:00:00+08:00,2025-01-02T15:00:00
S43,0.0,2025-01-02T15:00:00+08:00,2025-01-02T15:00:00
S89,0.0,2025-01-02T15:00:00+08:00,2025-01-02T15:00:00
S06,0.0,2025-01-02T15:00:00+08:00,2025-01-02T15:00:00
S221,0.0,2025-01-02T15:00:00+08:00,2025-01-02T15:00:00
S222,0.0,2025-01-02T15:00:00+08:00,2025-01-02T15:00:00
S08,0.0,2025-01-02T15:00:00+08:00,2025-01-02T15:00:00
S07,0.0,2025-01-02T15:00:00+08:00,2025-01-02T15:00:00
S220,0.0,2025-01-02T15:00:00+08:00,2025-01-02T15:00:00
S207,0.0,2025-01-02T15:00:00+08:00,2025-01-02T15:00:00
S208,0.0,2025-01-02T15:00:00+08:00,2025-01-02T15:00:00
S203,0.0,2025-01-02T15:00:00+08:00,2025-01-02T15:00:00
S201,0.0,2025-01-02T15:00:00+08:00,2025-01-02T15:00:00
S90,0.0,2025-01-02T15:00:00+08:00,2025-01-02T15:00:00
S92,0.0,2025-01-02T15:00:00+08:00,2025-01-02T15:00:00
S209,0.0,2025-01-02T15:00:00+08:00,2025-01-02T15:00:00
S50,0.0,2025-01-02T15:00:00+08:00,2025-01-02T15:00:00
S94,0.0,2025-01-02T15:00:00+08:00,2025-01-02T15:00:00
S210,0.0,2025-01-02T15:00:00+08:00,2025-01-02T15:00:00
S211,0.0,2025-01-02T15:00:00+08:00,2025-01-02T15:00:00
S119,0.0,2025-01-02T15:00:00+08:00,2025-01-02T15:00:00
S117,0.0,2025-01-02T15:00:00+08:00,2025-01-02T15:00:00
S115,0.0,2025-01-02T15:00:00+08:00,2025-01-02T15:00:00
S116,0.0,2025-01-02T15:00:00+08:00,2025-01-02T15:00:00
S113,0.0,2025-01-02T15:00:00+08:00,2025-01-02T15:00:00
S60,0.0,2025-01-02T15:00:00+08:00,2025-01-02T15:00:00
S64,0.0,2025-01-02T15:00:00+08:00,2025-01-02T15:00:00
S66,0.0,2025-01-02T15:00:00+08:00,2025-01-02T15:00:00
S24,0.0,2025-01-02T15:00:00+08:00,2025-01-02T15:00:00
S69,0.0,2025-01-02T15:00:00+08:00,2025-01-02T15:00:00
S123,0.0,2025-01-02T15:00:00+08:00,2025-01-02T15:00:00
S29,0.0,2025-01-02T15:00:00+08:00,2025-01-02T15:00:00
S121,0.0,2025-01-02T15:00:00+08:00,2025-01-02T15:00:00
S229,0.0,2025-01-02T15:00:00+08:00,2025-01-02T15:00:00
S900,0.0,2025-01-02T15:00:00+08:00,2025-01-02T15:00:00
S109,0.0,2025-01-02T15:00:00+08:00,2025-01-02T15:00:00
S106,0.0,2025-01-02T15:00:00+08:00,2025-01-02T15:00:00
S227,0.0,2025-01-02T15:00:00+08:00,2025-01-02T15:00:00
S107,0.0,2025-01-02T15:00:00+08:00,2025-01-02T15:00:00
S228,0.0,2025-01-02T15:00:00+08:00,2025-01-02T15:00:00
S104,0.0,2025-01-02T15:00:00+08:00,2025-01-02T15:00:00
S226,0.0,2025-01-02T15:00:00+08:00,2025-01-02T15:00:00
S223,0.0,2025-01-02T15:00:00+08:00,2025-01-02T15:00:00
S224,0.0,2025-01-02T15:00:00+08:00,2025-01-02T15:00:00
S71,0.0,2025-01-02T15:00:00+08:00,2025-01-02T15:00:00
S33,0.0,2025-01-02T15:00:00+08:00,2025-01-02T15:00:00
S77,0.0,2025-01-02T15:00:00+08:00,2025-01-02T15:00:00
S35,0.0,2025-01-02T15:00:00+08:00,2025-01-02T15:00:00
S79,0.0,2025-01-02T15:00:00+08:00,2025-01-02T15:00:00
S78,0.0,2025-01-02T15:00:00+08:00,2025-01-02T15:00:00
S111,0.0,2025-01-02T15:00:00+08:00,2025-01-02T15:00:00
S112,0.0,2025-01-02T15:00:00+08:00,2025-01-02T15:00:00
S230,0.0,2025-01-02T15:00:00+08:00,2025-01-02T15:00:00
S218,0.0,2025-01-02T16:00:00+08:00,2025-01-02T16:00:00
S219,0.0,2025-01-02T16:00:00+08:00,2025-01-02T16:00:00
S216,0.0,2025-01-02T16:00:00+08:00,2025-01-02T16:00:00
S217,0.0,2025-01-02T16:00:00+08:00,2025-01-02T16:00:00
S214,0.0,2025-01-02T16:00:00+08:00,2025-01-02T16:00:00
S215,0.0,2025-01-02T16:00:00+08:00,2025-01-02T16:00:00
S213,0.0,2025-01-02T16:00:00+08:00,2025-01-02T16:00:00
S81,0.0,2025-01-02T16:00:00+08:00,2025-01-02T16:00:00
S40,0.0,2025-01-02T16:00:00+08:00,2025-01-02T16:00:00
S84,0.0,2025-01-02T16:00:00+08:00,2025-01-02T16:00:00
S88,0.0,2025-01-02T16:00:00+08:00,2025-01-02T16:00:00
S43,0.0,2025-01-02T16:00:00+08:00,2025-01-02T16:00:00
S89,0.0,2025-01-02T16:00:00+08:00,2025-01-02T16:00:00
S06,0.0,2025-01-02T16:00:00+08:00,2025-01-02T16:00:00
S221,0.0,2025-01-02T16:00:00+08:00,2025-01-02T16:00:00
S222,0.0,2025-01-02T16:00:00+08:00,2025-01-02T16:00:00
S08,0.0,2025-01-02T16:00:00+08:00,2025-01-02T16:00:00
S07,0.0,2025-01-02T16:00:00+08:00,2025-01-02T16:00:00
S220,0.0,2025-01-02T16:00:00+08:00,2025-01-02T16:00:00
S207,0.0,2025-01-02T16:00:00+08:00,2025-01-02T16:00:00
S208,0.0,2025-01-02T16:00:00+08:00,2025-01-02T16:00:00
S203,0.0,2025-01-02T16:00:00+08:00,2025-01-02T16:00:00
S201,0.0,2025-01-02T16:00:00+08:00,2025-01-02T16:00:00
S90,0.0,2025-01-02T16:00:00+08:00,2025-01-02T16:00:00
S92,0.0,2025-01-02T16:00:00+08:00,2025-01-02T16:00:00
S209,0.0,2025-01-02T16:00:00+08:00,2025-01-02T16:00:00
S50,0.0,2025-01-02T16:00:00+08:00,2025-01-02T16:00:00
S94,0.0,2025-01-02T16:00:00+08:00,2025-01-02T16:00:00
S210,0.0,2025-01-02T16:00:00+08:00,2025-01-02T16:00:00
S211,0.0,2025-01-02T16:00:00+08:00,2025-01-02T16:00:00
S119,0.0,2025-01-02T16:00:00+08:00,2025-01-02T16:00:00
S117,0.0,2025-01-02T16:00:00+08:00,2025-01-02T16:00:00
S115,0.0,2025-01-02T16:00:00+08:00,2025-01-02T16:00:00
S116,0.0,2025-01-02T16:00:00+08:00,2025-01-02T16:00:00
S113,0.0,2025-01-02T16:00:00+08:00,2025-01-02T16:00:00
S60,0.0,2025-01-02T16:00:00+08:00,2025-01-02T16:00:00
S64,0.0,2025-01-02T16:00:00+08:00,2025-01-02T16:00:00
S66,0.0,2025-01-02T16:00:00+08:00,2025-01-02T16:00:00
S24,0.0,2025-01-02T16:00:00+08:00,2025-01-02T16:00:00
S69,0.0,2025-01-02T16:00:00+08:00,2025-01-02T16:00:00
S123,0.0,2025-01-02T16:00:00+08:00,2025-01-02T16:00:00
S29,0.0,2025-01-02T16:00:00+08:00,2025-01-02T16:00:00
S121,0.0,2025-01-02T16:00:00+08:00,2025-01-02T16:00:00
S229,0.0,2025-01-02T16:00:00+08:00,2025-01-02T16:00:00
S900,0.0,2025-01-02T16:00:00+08:00,2025-01-02T16:00:00
S109,0.0,2025-01-02T16:00:00+08:00,2025-01-02T16:00:00
S106,0.0,2025-01-02T16:00:00+08:00,2025-01-02T16:00:00
S227,0.0,2025-01-02T16:00:00+08:00,2025-01-02T16:00:00
S107,0.0,2025-01-02T16:00:00+08:00,2025-01-02T16:00:00
S228,0.0,2025-01-02T16:00:00+08:00,2025-01-02T16:00:00
S104,0.0,2025-01-02T16:00:00+08:00,2025-01-02T16:00:00
S226,0.0,2025-01-02T16:00:00+08:00,2025-01-02T16:00:00
S223,0.0,2025-01-02T16:00:00+08:00,2025-01-02T16:00:00
S224,0.0,2025-01-02T16:00:00+08:00,2025-01-02T16:00:00
S71,0.0,2025-01-02T16:00:00+08:00,2025-01-02T16:00:00
S33,0.0,2025-01-02T16:00:00+08:00,2025-01-02T16:00:00
S77,0.0,2025-01-02T16:00:00+08:00,2025-01-02T16:00:00
S35,0.0,2025-01-02T16:00:00+08:00,2025-01-02T16:00:00
S79,0.0,2025-01-02T16:00:00+08:00,2025-01-02T16:00:00
S78,0.0,2025-01-02T16:00:00+08:00,2025-01-02T16:00:00
S111,0.0,2025-01-02T16:00:00+08:00,2025-01-02T16:00:00
S112,0.0,2025-01-02T16:00:00+08:00,2025-01-02T16:00:00
S230,0.0,2025-01-02T16:00:00+08:00,2025-01-02T16:00:00
S218,0.204,2025-01-02T17:00:00+08:00,2025-01-02T17:00:00
S219,0.0,2025-01-02T17:00:00+08:00,2025-01-02T17:00:00
S216,0.0,2025-01-02T17:00:00+08:00,2025-01-02T17:00:00
S217,0.0,2025-01-02T17:00:00+08:00,2025-01-02T17:00:00
S214,0.0,2025-01-02T17:00:00+08:00,2025-01-02T17:00:00
S215,0.0,2025-01-02T17:00:00+08:00,2025-01-02T17:00:00
S213,0.0,2025-01-02T17:00:00+08:00,2025-01-02T17:00:00
S81,0.0,2025-01-02T17:00:00+08:00,2025-01-02T17:00:00
S40,0.2,2025-01-02T17:00:00+08:00,2025-01-02T17:00:00
S84,0.0,2025-01-02T17:00:00+08:00,2025-01-02T17:00:00
S88,0.0,2025-01-02T17:00:00+08:00,2025-01-02T17:00:00
S43,0.0,2025-01-02T17:00:00+08:00,2025-01-02T17:00:00
S89,0.4,2025-01-02T17:00:00+08:00,2025-01-02T17:00:00
S06,0.0,2025-01-02T17:00:00+08:00,2025-01-02T17:00:00
S221,0.0,2025-01-02T17:00:00+08:00,2025-01-02T17:00:00
S222,0.0,2025-01-02T17:00:00+08:00,2025-01-02T17:00:00
S08,0.0,2025-01-02T17:00:00+08:00,2025-01-02T17:00:00
S07,0.0,2025-01-02T17:00:00+08:00,2025-01-02T17:00:00
S220,0.0,2025-01-02T17:00:00+08:00,2025-01-02T17:00:00
S207,0.0,2025-01-02T17:00:00+08:00,2025-01-02T17:00:00
S208,0.0,2025-01-02T17:00:00+08:00,2025-01-02T17:00:00
S203,0.201,2025-01-02T17:00:00+08:00,2025-01-02T17:00:00
S201,0.0,2025-01-02T17:00:00+08:00,2025-01-02T17:00:00
S90,0.0,2025-01-02T17:00:00+08:00,2025-01-02T17:00:00
S92,0.8,2025-01-02T17:00:00+08:00,2025-01-02T17:00:00
S209,0.0,2025-01-02T17:00:00+08:00,2025-01-02T17:00:00
S50,0.0,2025-01-02T17:00:00+08:00,2025-01-02T17:00:00
S94,0.0,2025-01-02T17:00:00+08:00,2025-01-02T17:00:00
S210,0.0,2025-01-02T17:00:00+08:00,2025-01-02T17:00:00
S211,0.0,2025-01-02T17:00:00+08:00,2025-01-02T17:00:00
S119,0.0,2025-01-02T17:00:00+08:00,2025-01-02T17:00:00
S117,0.0,2025-01-02T17:00:00+08:00,2025-01-02T17:00:00
S115,0.0,2025-01-02T17:00:00+08:00,2025-01-02T17:00:00
S116,1.2,2025-01-02T17:00:00+08:00,2025-01-02T17:00:00
S113,0.0,2025-01-02T17:00:00+08:00,2025-01-02T17:00:00
S60,0.2,2025-01-02T17:00:00+08:00,2025-01-02T17:00:00
S64,0.0,2025-01-02T17:00:00+08:00,2025-01-02T17:00:00
S66,0.0,2025-01-02T17:00:00+08:00,2025-01-02T17:00:00
S24,0.0,2025-01-02T17:00:00+08:00,2025-01-02T17:00:00
S69,0.0,2025-01-02T17:00:00+08:00,2025-01-02T17:00:00
S123,0.0,2025-01-02T17:00:00+08:00,2025-01-02T17:00:00
S29,0.0,2025-01-02T17:00:00+08:00,2025-01-02T17:00:00
S121,0.0,2025-01-02T17:00:00+08:00,2025-01-02T17:00:00
S229,0.0,2025-01-02T17:00:00+08:00,2025-01-02T17:00:00
S900,0.0,2025-01-02T17:00:00+08:00,2025-01-02T17:00:00
S109,0.0,2025-01-02T17:00:00+08:00,2025-01-02T17:00:00
S106,0.0,2025-01-02T17:00:00+08:00,2025-01-02T17:00:00
S227,0.0,2025-01-02T17:00:00+08:00,2025-01-02T17:00:00
S107,0.0,2025-01-02T17:00:00+08:00,2025-01-02T17:00:00
S228,0.198,2025-01-02T17:00:00+08:00,2025-01-02T17:00:00
S104,0.0,2025-01-02T17:00:00+08:00,2025-01-02T17:00:00
S226,1.6,2025-01-02T17:00:00+08:00,2025-01-02T17:00:00
S223,0.0,2025-01-02T17:00:00+08:00,2025-01-02T17:00:00
S224,0.0,2025-01-02T17:00:00+08:00,2025-01-02T17:00:00
S71,0.2,2025-01-02T17:00:00+08:00,2025-01-02T17:00:00
S33,0.8,2025-01-02T17:00:00+08:00,2025-01-02T17:00:00
S77,0.4,2025-01-02T17:00:00+08:00,2025-01-02T17:00:00
S35,0.0,2025-01-02T17:00:00+08:00,2025-01-02T17:00:00
S79,0.0,2025-01-02T17:00:00+08:00,2025-01-02T17:00:00
S78,0.0,2025-01-02T17:00:00+08:00,2025-01-02T17:00:00
S111,0.0,2025-01-02T17:00:00+08:00,2025-01-02T17:00:00
S112,0.0,2025-01-02T17:00:00+08:00,2025-01-02T17:00:00
S230,0.4,2025-01-02T17:00:00+08:00,2025-01-02T17:00:00
S218,0.0,2025-01-02T18:00:00+08:00,2025-01-02T18:00:00
S219,0.0,2025-01-02T18:00:00+08:00,2025-01-02T18:00:00
S216,0.0,2025-01-02T18:00:00+08:00,2025-01-02T18:00:00
S217,0.0,2025-01-02T18:00:00+08:00,2025-01-02T18:00:00
S214,0.0,2025-01-02T18:00:00+08:00,2025-01-02T18:00:00
S215,0.0,2025-01-02T18:00:00+08:00,2025-01-02T18:00:00
S213,0.0,2025-01-02T18:00:00+08:00,2025-01-02T18:00:00
S81,0.0,2025-01-02T18:00:00+08:00,2025-01-02T18:00:00
S40,0.0,2025-01-02T18:00:00+08:00,2025-01-02T18:00:00
S84,0.0,2025-01-02T18:00:00+08:00,2025-01-02T18:00:00
S88,0.0,2025-01-02T18:00:00+08:00,2025-01-02T18:00:00
S43,0.0,2025-01-02T18:00:00+08:00,2025-01-02T18:00:00
S89,0.0,2025-01-02T18:00:00+08:00,2025-01-02T18:00:00
S06,0.0,2025-01-02T18:00:00+08:00,2025-01-02T18:00:00
S221,0.0,2025-01-02T18:00:00+08:00,2025-01-02T18:00:00
S222,0.0,2025-01-02T18:00:00+08:00,2025-01-02T18:00:00
S08,0.0,2025-01-02T18:00:00+08:00,2025-01-02T18:00:00
S07,0.0,2025-01-02T18:00:00+08:00,2025-01-02T18:00:00
S220,0.0,2025-01-02T18:00:00+08:00,2025-01-02T18:00:00
S207,0.0,2025-01-02T18:00:00+08:00,2025-01-02T18:00:00
S208,0.0,2025-01-02T18:00:00+08:00,2025-01-02T18:00:00
S203,0.0,2025-01-02T18:00:00+08:00,2025-01-02T18:00:00
S201,0.0,2025-01-02T18:00:00+08:00,2025-01-02T18:00:00
S90,0.0,2025-01-02T18:00:00+08:00,2025-01-02T18:00:00
S92,0.0,2025-01-02T18:00:00+08:00,2025-01-02T18:00:00
S209,0.0,2025-01-02T18:00:00+08:00,2025-01-02T18:00:00
S50,0.0,2025-01-02T18:00:00+08:00,2025-01-02T18:00:00
S94,0.0,2025-01-02T18:00:00+08:00,2025-01-02T18:00:00
S210,0.0,2025-01-02T18:00:00+08:00,2025-01-02T18:00:00
S211,0.0,2025-01-02T18:00:00+08:00,2025-01-02T18:00:00
S119,0.0,2025-01-02T18:00:00+08:00,2025-01-02T18:00:00
S117,0.0,2025-01-02T18:00:00+08:00,2025-01-02T18:00:00
S115,0.0,2025-01-02T18:00:00+08:00,2025-01-02T18:00:00
S116,0.0,2025-01-02T18:00:00+08:00,2025-01-02T18:00:00
S113,0.0,2025-01-02T18:00:00+08:00,2025-01-02T18:00:00
S60,0.2,2025-01-02T18:00:00+08:00,2025-01-02T18:00:00
S64,0.0,2025-01-02T18:00:00+08:00,2025-01-02T18:00:00
S66,0.0,2025-01-02T18:00:00+08:00,2025-01-02T18:00:00
S24,0.0,2025-01-02T18:00:00+08:00,2025-01-02T18:00:00
S69,0.0,2025-01-02T18:00:00+08:00,2025-01-02T18:00:00
S123,0.0,2025-01-02T18:00:00+08:00,2025-01-02T18:00:00
S29,0.0,2025-01-02T18:00:00+08:00,2025-01-02T18:00:00
S121,0.0,2025-01-02T18:00:00+08:00,2025-01-02T18:00:00
S229,0.0,2025-01-02T18:00:00+08:00,2025-01-02T18:00:00
S900,0.0,2025-01-02T18:00:00+08:00,2025-01-02T18:00:00
S109,0.0,2025-01-02T18:00:00+08:00,2025-01-02T18:00:00
S106,0.0,2025-01-02T18:00:00+08:00,2025-01-02T18:00:00
S227,0.0,2025-01-02T18:00:00+08:00,2025-01-02T18:00:00
S107,0.0,2025-01-02T18:00:00+08:00,2025-01-02T18:00:00
S228,0.0,2025-01-02T18:00:00+08:00,2025-01-02T18:00:00
S104,0.0,2025-01-02T18:00:00+08:00,2025-01-02T18:00:00
S226,0.0,2025-01-02T18:00:00+08:00,2025-01-02T18:00:00
S223,0.0,2025-01-02T18:00:00+08:00,2025-01-02T18:00:00
S224,0.0,2025-01-02T18:00:00+08:00,2025-01-02T18:00:00
S71,0.0,2025-01-02T18:00:00+08:00,2025-01-02T18:00:00
S33,0.0,2025-01-02T18:00:00+08:00,2025-01-02T18:00:00
S77,0.0,2025-01-02T18:00:00+08:00,2025-01-02T18:00:00
S35,0.0,2025-01-02T18:00:00+08:00,2025-01-02T18:00:00
S79,0.0,2025-01-02T18:00:00+08:00,2025-01-02T18:00:00
S78,0.0,2025-01-02T18:00:00+08:00,2025-01-02T18:00:00
S111,0.0,2025-01-02T18:00:00+08:00,2025-01-02T18:00:00
S112,0.0,2025-01-02T18:00:00+08:00,2025-01-02T18:00:00
S230,0.0,2025-01-02T18:00:00+08:00,2025-01-02T18:00:00
S218,0.0,2025-01-02T20:00:00+08:00,2025-01-02T20:00:00
S219,0.0,2025-01-02T20:00:00+08:00,2025-01-02T20:00:00
S216,0.0,2025-01-02T20:00:00+08:00,2025-01-02T20:00:00
S217,0.0,2025-01-02T20:00:00+08:00,2025-01-02T20:00:00
S214,0.0,2025-01-02T20:00:00+08:00,2025-01-02T20:00:00
S215,0.0,2025-01-02T20:00:00+08:00,2025-01-02T20:00:00
S213,0.0,2025-01-02T20:00:00+08:00,2025-01-02T20:00:00
S81,0.0,2025-01-02T20:00:00+08:00,2025-01-02T20:00:00
S40,0.0,2025-01-02T20:00:00+08:00,2025-01-02T20:00:00
S84,0.0,2025-01-02T20:00:00+08:00,2025-01-02T20:00:00
S88,0.0,2025-01-02T20:00:00+08:00,2025-01-02T20:00:00
S43,0.0,2025-01-02T20:00:00+08:00,2025-01-02T20:00:00
S89,0.0,2025-01-02T20:00:00+08:00,2025-01-02T20:00:00
S06,0.0,2025-01-02T20:00:00+08:00,2025-01-02T20:00:00
S221,0.0,2025-01-02T20:00:00+08:00,2025-01-02T20:00:00
S222,0.0,2025-01-02T20:00:00+08:00,2025-01-02T20:00:00
S08,0.0,2025-01-02T20:00:00+08:00,2025-01-02T20:00:00
S07,0.0,2025-01-02T20:00:00+08:00,2025-01-02T20:00:00
S220,0.0,2025-01-02T20:00:00+08:00,2025-01-02T20:00:00
S207,0.0,2025-01-02T20:00:00+08:00,2025-01-02T20:00:00
S208,0.0,2025-01-02T20:00:00+08:00,2025-01-02T20:00:00
S203,0.0,2025-01-02T20:00:00+08:00,2025-01-02T20:00:00
S201,0.0,2025-01-02T20:00:00+08:00,2025-01-02T20:00:00
S90,0.2,2025-01-02T20:00:00+08:00,2025-01-02T20:00:00
S92,0.0,2025-01-02T20:00:00+08:00,2025-01-02T20:00:00
S209,0.0,2025-01-02T20:00:00+08:00,2025-01-02T20:00:00
S50,0.0,2025-01-02T20:00:00+08:00,2025-01-02T20:00:00
S94,0.0,2025-01-02T20:00:00+08:00,2025-01-02T20:00:00
S210,0.0,2025-01-02T20:00:00+08:00,2025-01-02T20:00:00
S211,0.0,2025-01-02T20:00:00+08:00,2025-01-02T20:00:00
S119,0.0,2025-01-02T20:00:00+08:00,2025-01-02T20:00:00
S117,0.0,2025-01-02T20:00:00+08:00,2025-01-02T20:00:00
S115,0.0,2025-01-02T20:00:00+08:00,2025-01-02T20:00:00
S116,0.0,2025-01-02T20:00:00+08:00,2025-01-02T20:00:00
S113,0.0,2025-01-02T20:00:00+08:00,2025-01-02T20:00:00
S60,0.0,2025-01-02T20:00:00+08:00,2025-01-02T20:00:00
S64,0.0,2025-01-02T20:00:00+08:00,2025-01-02T20:00:00
S66,0.0,2025-01-02T20:00:00+08:00,2025-01-02T20:00:00
S24,0.0,2025-01-02T20:00:00+08:00,2025-01-02T20:00:00
S69,0.0,2025-01-02T20:00:00+08:00,2025-01-02T20:00:00
S123,0.0,2025-01-02T20:00:00+08:00,2025-01-02T20:00:00
S29,0.0,2025-01-02T20:00:00+08:00,2025-01-02T20:00:00
S121,0.0,2025-01-02T20:00:00+08:00,2025-01-02T20:00:00
S229,0.0,2025-01-02T20:00:00+08:00,2025-01-02T20:00:00
S900,0.0,2025-01-02T20:00:00+08:00,2025-01-02T20:00:00
S109,0.0,2025-01-02T20:00:00+08:00,2025-01-02T20:00:00
S106,0.0,2025-01-02T20:00:00+08:00,2025-01-02T20:00:00
S227,0.0,2025-01-02T20:00:00+08:00,2025-01-02T20:00:00
S107,0.0,2025-01-02T20:00:00+08:00,2025-01-02T20:00:00
S228,0.0,2025-01-02T20:00:00+08:00,2025-01-02T20:00:00
S104,0.0,2025-01-02T20:00:00+08:00,2025-01-02T20:00:00
S226,0.0,2025-01-02T20:00:00+08:00,2025-01-02T20:00:00
S223,0.0,2025-01-02T20:00:00+08:00,2025-01-02T20:00:00
S224,0.0,2025-01-02T20:00:00+08:00,2025-01-02T20:00:00
S71,0.0,2025-01-02T20:00:00+08:00,2025-01-02T20:00:00
S33,0.0,2025-01-02T20:00:00+08:00,2025-01-02T20:00:00
S77,0.2,2025-01-02T20:00:00+08:00,2025-01-02T20:00:00
S35,0.0,2025-01-02T20:00:00+08:00,2025-01-02T20:00:00
S79,0.0,2025-01-02T20:00:00+08:00,2025-01-02T20:00:00
S78,0.0,2025-01-02T20:00:00+08:00,2025-01-02T20:00:00
S111,0.0,2025-01-02T20:00:00+08:00,2025-01-02T20:00:00
S112,0.0,2025-01-02T20:00:00+08:00,2025-01-02T20:00:00
S230,0.0,2025-01-02T20:00:00+08:00,2025-01-02T20:00:00
S218,0.0,2025-01-02T22:00:00+08:00,2025-01-02T22:00:00
S219,0.0,2025-01-02T22:00:00+08:00,2025-01-02T22:00:00
S216,0.0,2025-01-02T22:00:00+08:00,2025-01-02T22:00:00
S217,0.0,2025-01-02T22:00:00+08:00,2025-01-02T22:00:00
S214,0.0,2025-01-02T22:00:00+08:00,2025-01-02T22:00:00
S215,0.0,2025-01-02T22:00:00+08:00,2025-01-02T22:00:00
S213,0.0,2025-01-02T22:00:00+08:00,2025-01-02T22:00:00
S81,0.0,2025-01-02T22:00:00+08:00,2025-01-02T22:00:00
S40,0.0,2025-01-02T22:00:00+08:00,2025-01-02T22:00:00
S84,0.0,2025-01-02T22:00:00+08:00,2025-01-02T22:00:00
S88,0.0,2025-01-02T22:00:00+08:00,2025-01-02T22:00:00
S43,0.0,2025-01-02T22:00:00+08:00,2025-01-02T22:00:00
S89,0.0,2025-01-02T22:00:00+08:00,2025-01-02T22:00:00
S06,0.0,2025-01-02T22:00:00+08:00,2025-01-02T22:00:00
S221,0.0,2025-01-02T22:00:00+08:00,2025-01-02T22:00:00
S222,0.0,2025-01-02T22:00:00+08:00,2025-01-02T22:00:00
S08,0.0,2025-01-02T22:00:00+08:00,2025-01-02T22:00:00
S07,0.0,2025-01-02T22:00:00+08:00,2025-01-02T22:00:00
S220,0.0,2025-01-02T22:00:00+08:00,2025-01-02T22:00:00
S207,0.0,2025-01-02T22:00:00+08:00,2025-01-02T22:00:00
S208,0.0,2025-01-02T22:00:00+08:00,2025-01-02T22:00:00
S203,0.0,2025-01-02T22:00:00+08:00,2025-01-02T22:00:00
S201,0.0,2025-01-02T22:00:00+08:00,2025-01-02T22:00:00
S90,0.0,2025-01-02T22:00:00+08:00,2025-01-02T22:00:00
S92,0.0,2025-01-02T22:00:00+08:00,2025-01-02T22:00:00
S209,0.0,2025-01-02T22:00:00+08:00,2025-01-02T22:00:00
S50,0.0,2025-01-02T22:00:00+08:00,2025-01-02T22:00:00
S94,0.0,2025-01-02T22:00:00+08:00,2025-01-02T22:00:00
S210,0.0,2025-01-02T22:00:00+08:00,2025-01-02T22:00:00
S211,0.0,2025-01-02T22:00:00+08:00,2025-01-02T22:00:00
S119,0.0,2025-01-02T22:00:00+08:00,2025-01-02T22:00:00
S117,0.0,2025-01-02T22:00:00+08:00,2025-01-02T22:00:00
S115,0.0,2025-01-02T22:00:00+08:00,2025-01-02T22:00:00
S116,0.0,2025-01-02T22:00:00+08:00,2025-01-02T22:00:00
S113,0.0,2025-01-02T22:00:00+08:00,2025-01-02T22:00:00
S60,0.0,2025-01-02T22:00:00+08:00,2025-01-02T22:00:00
S64,0.0,2025-01-02T22:00:00+08:00,2025-01-02T22:00:00
S66,0.0,2025-01-02T22:00:00+08:00,2025-01-02T22:00:00
S24,0.0,2025-01-02T22:00:00+08:00,2025-01-02T22:00:00
S69,0.0,2025-01-02T22:00:00+08:00,2025-01-02T22:00:00
S123,0.0,2025-01-02T22:00:00+08:00,2025-01-02T22:00:00
S29,0.0,2025-01-02T22:00:00+08:00,2025-01-02T22:00:00
S121,0.0,2025-01-02T22:00:00+08:00,2025-01-02T22:00:00
S229,0.0,2025-01-02T22:00:00+08:00,2025-01-02T22:00:00
S900,0.0,2025-01-02T22:00:00+08:00,2025-01-02T22:00:00
S109,0.0,2025-01-02T22:00:00+08:00,2025-01-02T22:00:00
S106,0.0,2025-01-02T22:00:00+08:00,2025-01-02T22:00:00
S227,0.0,2025-01-02T22:00:00+08:00,2025-01-02T22:00:00
S107,0.0,2025-01-02T22:00:00+08:00,2025-01-02T22:00:00
S228,0.0,2025-01-02T22:00:00+08:00,2025-01-02T22:00:00
S104,0.0,2025-01-02T22:00:00+08:00,2025-01-02T22:00:00
S226,0.0,2025-01-02T22:00:00+08:00,2025-01-02T22:00:00
S223,0.0,2025-01-02T22:00:00+08:00,2025-01-02T22:00:00
S224,0.0,2025-01-02T22:00:00+08:00,2025-01-02T22:00:00
S71,0.0,2025-01-02T22:00:00+08:00,2025-01-02T22:00:00
S33,0.0,2025-01-02T22:00:00+08:00,2025-01-02T22:00:00
S77,0.0,2025-01-02T22:00:00+08:00,2025-01-02T22:00:00
S35,0.0,2025-01-02T22:00:00+08:00,2025-01-02T22:00:00
S79,0.0,2025-01-02T22:00:00+08:00,2025-01-02T22:00:00
S78,0.0,2025-01-02T22:00:00+08:00,2025-01-02T22:00:00
S111,0.0,2025-01-02T22:00:00+08:00,2025-01-02T22:00:00
S112,0.0,2025-01-02T22:00:00+08:00,2025-01-02T22:00:00
S230,0.0,2025-01-02T22:00:00+08:00,2025-01-02T22:00:00
